id,type,date,modified,url,title,categories,tags
6,post,2008-03-01T06:28:13,2008-03-01T06:28:13,https://www.alchembright.com/blog/uncategorized/i_just_finished_installing_mov/,I just finished installing Movable Type 4!,1,
7,post,2008-03-02T00:47:33,2008-03-02T00:47:33,https://www.alchembright.com/blog/uncategorized/just_started/,Just Started!,1,
8,post,2008-03-02T22:11:34,2008-03-02T22:11:34,https://www.alchembright.com/blog/uncategorized/post/,デザイン変更…？,1,
9,post,2008-03-03T19:46:32,2008-03-03T19:46:32,https://www.alchembright.com/blog/uncategorized/the_factor/,The factor,1,
10,post,2008-03-04T19:52:14,2008-03-04T19:52:14,https://www.alchembright.com/blog/uncategorized/the_way_of/,The way of,1,
11,post,2008-03-05T19:07:03,2008-03-05T19:07:03,https://www.alchembright.com/blog/uncategorized/works/,works,1,
12,post,2008-03-06T21:30:20,2008-03-06T21:30:20,https://www.alchembright.com/blog/uncategorized/project/,project?,1,
13,post,2008-03-08T09:18:59,2008-03-08T09:18:59,https://www.alchembright.com/blog/uncategorized/forgot/,Forgot,1,
14,post,2008-03-10T19:22:55,2008-03-10T19:22:55,https://www.alchembright.com/blog/uncategorized/pollinosis/,pollinosis,1,
15,post,2008-03-13T10:35:12,2008-03-13T10:35:12,https://www.alchembright.com/blog/uncategorized/synth_on_ds/,Synth on DS,1,
16,post,2008-04-17T14:01:49,2008-04-17T14:01:49,https://www.alchembright.com/blog/uncategorized/post_1/,リハビリ,1,
18,post,2008-07-17T17:42:51,2008-07-17T17:42:51,https://www.alchembright.com/blog/uncategorized/osx/,OSX,1,
19,post,2008-07-22T21:16:25,2008-07-22T21:16:25,https://www.alchembright.com/blog/uncategorized/swag/,SWAG,1,
20,post,2008-07-23T19:24:42,2008-07-23T19:24:42,https://www.alchembright.com/blog/uncategorized/subversion/,Subversion,1,
21,post,2008-07-24T22:20:56,2008-07-24T22:20:56,https://www.alchembright.com/blog/uncategorized/post_2/,アイフォーンと女子高生,1,
22,post,2008-07-25T17:03:06,2008-07-25T17:03:06,https://www.alchembright.com/blog/uncategorized/plan/,plan,1,
23,post,2008-07-28T18:46:26,2008-07-28T18:46:26,https://www.alchembright.com/blog/uncategorized/starting_objectivec/,starting objective-c,1,
24,post,2008-08-11T15:58:15,2008-08-11T15:58:15,https://www.alchembright.com/blog/uncategorized/thunderbirdprofiles/,Thunderbirdのprofilesフォルダを移動,1,
25,post,2008-09-05T17:13:51,2008-09-05T17:13:51,https://www.alchembright.com/blog/uncategorized/perldbi/,perl-DBI,1,
26,post,2008-09-09T16:21:54,2008-09-09T16:21:54,https://www.alchembright.com/blog/uncategorized/amazon_sale_080909/,amazon on sale,1,
27,post,2008-09-10T19:13:59,2008-09-10T19:13:59,https://www.alchembright.com/blog/uncategorized/sekaicamera/,sekaicamera,1,
28,post,2008-09-12T16:41:57,2008-09-12T16:41:57,https://www.alchembright.com/blog/uncategorized/mysql/,MySQLの話 その１,1,3;2
29,post,2008-09-12T16:47:00,2008-09-12T16:47:00,https://www.alchembright.com/blog/uncategorized/post_3/,テンプレートのテスト,1,
30,post,2008-09-12T18:39:25,2008-09-12T18:39:25,https://www.alchembright.com/blog/uncategorized/iphone/,iPhoneからこんにちわ？,1,
31,post,2008-09-22T14:54:52,2008-09-22T14:54:52,https://www.alchembright.com/blog/uncategorized/osx_1/,OSXでログイン時に自動でサーバへ接続,1,
32,post,2008-09-29T20:11:30,2008-09-29T20:11:30,https://www.alchembright.com/blog/uncategorized/mysql_1/,MySQLのコンソールで文字化け対策,1,
33,post,2008-10-02T22:24:47,2008-10-02T22:24:47,https://www.alchembright.com/blog/uncategorized/fostexnf4a/,FOSTEX”NF-4A”プレゼント・トラックバックキャンペーン,1,
34,post,2008-10-07T15:05:13,2008-10-07T15:05:13,https://www.alchembright.com/blog/uncategorized/pidginsnarlim/,pidginとSnarlでIMを快適に,1,
35,post,2008-10-09T16:04:18,2008-10-09T16:04:18,https://www.alchembright.com/blog/uncategorized/1/,第1回ひがやすを飲み会に参加してみた,1,
36,post,2008-10-16T12:00:01,2008-10-16T12:00:01,https://www.alchembright.com/blog/uncategorized/post_4/,ブラウザから音楽を,1,
37,post,2008-10-29T09:29:29,2008-10-29T09:29:29,https://www.alchembright.com/blog/uncategorized/google_cnet_japan/,iPhoneのマップでも経路検索,1,
38,post,2008-11-06T21:19:34,2008-11-06T21:19:34,https://www.alchembright.com/blog/uncategorized/mysql_2/,MySQLの基本（１）,1,
39,post,2008-11-25T19:19:12,2008-11-25T19:19:12,https://www.alchembright.com/blog/uncategorized/post_5/,インターネットって何だろうね。,1,
40,post,2008-12-09T20:10:21,2008-12-09T20:10:21,https://www.alchembright.com/blog/uncategorized/mysql_3/,MySQLの基本 その２,1,
42,post,2009-08-10T12:55:10,2009-08-10T12:55:10,https://www.alchembright.com/blog/uncategorized/reboot/,Reboot!,1,
43,post,2009-08-12T00:00:57,2009-08-12T00:00:57,https://www.alchembright.com/blog/uncategorized/post_6/,小さなことから,1,
44,post,2009-08-13T09:10:53,2009-08-13T09:10:53,https://www.alchembright.com/blog/uncategorized/vim/,さくらのレンタルサーバにvimインストール,1,
45,post,2009-08-18T08:56:31,2009-08-18T08:56:31,https://www.alchembright.com/blog/uncategorized/eyefi_share_video/,Eye-Fi Share Video買ったよ,1,
46,post,2009-08-18T09:52:53,2009-08-18T09:52:53,https://www.alchembright.com/blog/uncategorized/foafopenid/,FOAFとOpenID,1,
47,post,2009-08-19T12:48:44,2009-08-19T12:48:44,https://www.alchembright.com/blog/uncategorized/post_7/,テスト,1,
49,post,2009-10-01T21:09:13,2009-10-01T21:09:13,https://www.alchembright.com/blog/uncategorized/post_9/,気づいてみれば,1,
50,post,2003-04-24T15:16:55,2003-04-24T15:16:55,https://www.alchembright.com/blog/days/movabletype/,MovableType稼動,4,
52,post,2003-04-25T12:00:00,2003-04-25T12:00:00,https://www.alchembright.com/blog/byeleen/post_11/,やっぱりたけのこ,6,
54,post,2003-04-26T01:17:08,2003-04-26T01:17:08,https://www.alchembright.com/blog/days/post_13/,いろいろと…,4,
56,post,2003-04-27T12:00:00,2003-04-27T12:00:00,https://www.alchembright.com/blog/days/post_15/,お疲れです。,4,
57,post,2003-04-27T12:00:00,2003-04-27T12:00:00,https://www.alchembright.com/blog/byeleen/post_16/,徹夜明け,6,
58,post,2003-04-28T12:00:00,2003-04-28T12:00:00,https://www.alchembright.com/blog/days/post_17/,さっかー,4,
59,post,2003-04-28T12:00:00,2003-04-28T12:00:00,https://www.alchembright.com/blog/byeleen/post_18/,やっぱり鬱,6,
60,post,2003-04-29T23:50:00,2003-04-29T23:50:00,https://www.alchembright.com/blog/byeleen/post_19/,新潟のお豆腐,6,
61,post,2003-04-29T23:59:24,2003-04-29T23:59:24,https://www.alchembright.com/blog/days/post_20/,バイトの話題しかない。。。,4,
62,post,2003-04-30T01:14:47,2003-04-30T01:14:47,https://www.alchembright.com/blog/days/post_21/,ジャージー牛乳プリン,4,
63,post,2003-04-30T23:40:36,2003-04-30T23:40:36,https://www.alchembright.com/blog/byeleen/post_22/,おさしみ,6,
64,post,2003-05-01T12:00:00,2003-05-01T12:00:00,https://www.alchembright.com/blog/days/post_23/,根上研プログラミングチーム,4;7,
65,post,2003-05-02T20:30:33,2003-05-02T20:30:33,https://www.alchembright.com/blog/ynu/post_24/,根上ゼミ(第３回？),7,
66,post,2003-05-03T22:30:25,2003-05-03T22:30:25,https://www.alchembright.com/blog/days/dead_end_run/,DEAD END RUN,4,
67,post,2003-05-04T23:50:25,2003-05-04T23:50:25,https://www.alchembright.com/blog/byeleen/post_25/,たけのこ嫌い,6,
68,post,2003-05-05T22:36:10,2003-05-05T22:36:10,https://www.alchembright.com/blog/byeleen/post_26/,こどもの日,6,
71,post,2003-05-06T17:00:00,2003-05-06T17:00:00,https://www.alchembright.com/blog/ynu/post_29/,根上研課題演習＋α,7,
72,post,2003-05-08T12:50:11,2003-05-08T12:50:11,https://www.alchembright.com/blog/ynu/post_30/,やっぱりバカだった。。。,7,
73,post,2003-05-20T22:23:10,2003-05-20T22:23:10,https://www.alchembright.com/blog/days/ipaspring2003/,IPAspring2003,4,
74,post,2003-05-31T20:26:24,2003-05-31T20:26:24,https://www.alchembright.com/blog/days/post_31/,未踏プレゼン練習,4,
75,post,2003-06-02T13:41:05,2003-06-02T13:41:05,https://www.alchembright.com/blog/days/post_32/,時間がない。。。,4,
76,post,2003-06-03T20:46:32,2003-06-03T20:46:32,https://www.alchembright.com/blog/days/post_33/,運命の日,4,
77,post,2003-06-04T20:49:45,2003-06-04T20:49:45,https://www.alchembright.com/blog/days/post_34/,休息,4,
78,post,2003-06-05T22:36:10,2003-06-05T22:36:10,https://www.alchembright.com/blog/days/assistant/,assistant訪問,4,
79,post,2003-06-06T16:15:01,2003-06-06T16:15:01,https://www.alchembright.com/blog/ynu/post_35/,猿でもわかる(?)大学院受験講座,7,
80,post,2003-06-06T18:40:47,2003-06-06T18:40:47,https://www.alchembright.com/blog/ynu/3mmcsblog/,第3回mmcsblogミーティング,7,
81,post,2003-06-06T23:56:02,2003-06-06T23:56:02,https://www.alchembright.com/blog/byeleen/post_36/,いつも通りな感じ,6,
82,post,2003-06-07T23:18:02,2003-06-07T23:18:02,https://www.alchembright.com/blog/days/post_37/,多忙な一日,4,
83,post,2003-06-08T23:04:31,2003-06-08T23:04:31,https://www.alchembright.com/blog/byeleen/post_38/,新人研修,6,
84,post,2003-06-09T23:14:30,2003-06-09T23:14:30,https://www.alchembright.com/blog/ynu/mmcsblogmini/,mmcsblogミーティングmini,7,
85,post,2003-06-10T23:25:57,2003-06-10T23:25:57,https://www.alchembright.com/blog/days/post_39/,屋台初体験,4,
86,post,2003-06-11T22:42:13,2003-06-11T22:42:13,https://www.alchembright.com/blog/ynu/post_40/,移行しました,7,
87,post,2003-06-13T21:07:29,2003-06-13T21:07:29,https://www.alchembright.com/blog/ynu/post_41/,移行したけど…,9;7,
88,post,2003-06-14T21:25:06,2003-06-14T21:25:06,https://www.alchembright.com/blog/days/post_42/,入試説明会,4,
89,post,2003-06-15T23:58:51,2003-06-15T23:58:51,https://www.alchembright.com/blog/byeleen/post_43/,疲れ過ぎ,6,
90,post,2003-06-19T01:04:52,2003-06-19T01:04:52,https://www.alchembright.com/blog/days/post_44/,これからの世界,4,
91,post,2003-06-20T20:00:27,2003-06-20T20:00:27,https://www.alchembright.com/blog/ynu/post_45/,集合,7,
92,post,2003-06-22T21:30:47,2003-06-22T21:30:47,https://www.alchembright.com/blog/days/post_46/,田舎,4,
93,post,2003-06-23T18:03:34,2003-06-23T18:03:34,https://www.alchembright.com/blog/days/post_47/,実写版,4,
94,post,2003-07-01T15:00:41,2003-07-01T15:00:41,https://www.alchembright.com/blog/ynu/4/,ゼミ(4年),7,
95,post,2003-07-02T20:21:29,2003-07-02T20:21:29,https://www.alchembright.com/blog/days/post_48/,休息日,4,
96,post,2003-07-03T16:41:33,2003-07-03T16:41:33,https://www.alchembright.com/blog/days/post_49/,願書,4,
97,post,2003-07-05T23:37:06,2003-07-05T23:37:06,https://www.alchembright.com/blog/days/1imc/,1IMC,9;4,
98,post,2003-07-06T23:45:00,2003-07-06T23:45:00,https://www.alchembright.com/blog/days/post_50/,小旅行,4,
99,post,2003-07-07T19:44:52,2003-07-07T19:44:52,https://www.alchembright.com/blog/balog/log/,場log,10,
100,post,2003-07-08T18:27:43,2003-07-08T18:27:43,https://www.alchembright.com/blog/days/post_51/,出願ミス,4,
101,post,2003-07-08T23:00:47,2003-07-08T23:00:47,https://www.alchembright.com/blog/byeleen/post_52/,久しぶりの,6,
102,post,2003-07-10T03:49:39,2003-07-10T03:49:39,https://www.alchembright.com/blog/days/post_53/,親知らず,4,
103,post,2003-07-10T18:39:25,2003-07-10T18:39:25,https://www.alchembright.com/blog/ynu/mmcs424/,mmcs/424ユーザオフ会,7,
104,post,2003-07-10T19:46:29,2003-07-10T19:46:29,https://www.alchembright.com/blog/days/post_54/,ケータイと携帯,4,
105,post,2003-07-11T15:30:51,2003-07-11T15:30:51,https://www.alchembright.com/blog/days/post_55/,ご当地チェック！,4,
106,post,2003-07-11T21:40:01,2003-07-11T21:40:01,https://www.alchembright.com/blog/days/flash/,Flashについて,4,
107,post,2003-07-12T15:23:02,2003-07-12T15:23:02,https://www.alchembright.com/blog/post_56/,文字化け,9,
108,post,2003-07-12T15:52:49,2003-07-12T15:52:49,https://www.alchembright.com/blog/days/post_57/,達人？,4,
109,post,2003-07-12T21:51:04,2003-07-12T21:51:04,https://www.alchembright.com/blog/days/post_58/,デジタルな文房具？,4,
110,post,2003-07-13T19:07:15,2003-07-13T19:07:15,https://www.alchembright.com/blog/days/post_59/,かわいいは、正義！,4,
111,post,2003-07-14T23:24:18,2003-07-14T23:24:18,https://www.alchembright.com/blog/days/post_60/,乳製品,4,
112,post,2003-07-16T21:31:48,2003-07-16T21:31:48,https://www.alchembright.com/blog/balog/post_61/,お買い物計画,10,
113,post,2003-07-17T15:46:14,2003-07-17T15:46:14,https://www.alchembright.com/blog/balog/1_1/,未踏ミーティング#1,10,
114,post,2003-07-17T19:52:14,2003-07-17T19:52:14,https://www.alchembright.com/blog/ynu/mmcs4242/,mmcs/424ユーザ会#2,7,
115,post,2003-07-17T22:40:13,2003-07-17T22:40:13,https://www.alchembright.com/blog/days/clie/,CLIE,4,
116,post,2003-07-18T23:01:55,2003-07-18T23:01:55,https://www.alchembright.com/blog/byeleen/post_62/,老け顔らしい,6,
117,post,2003-07-19T23:08:52,2003-07-19T23:08:52,https://www.alchembright.com/blog/byeleen/post_63/,疲れた。。。,6,
118,post,2003-07-20T23:30:09,2003-07-20T23:30:09,https://www.alchembright.com/blog/byeleen/post_64/,叩かれ,6,
119,post,2003-07-21T18:39:52,2003-07-21T18:39:52,https://www.alchembright.com/blog/byeleen/post_65/,初めての電車,6,
120,post,2003-07-23T23:33:56,2003-07-23T23:33:56,https://www.alchembright.com/blog/balog/post_66/,公募結果発表,10,
121,post,2003-07-24T18:41:33,2003-07-24T18:41:33,https://www.alchembright.com/blog/ynu/mmcs4243/,mmcs/424ユーザ会#3,7,
122,post,2003-07-25T23:30:27,2003-07-25T23:30:27,https://www.alchembright.com/blog/days/post_67/,飲み,4,
123,post,2003-07-26T23:03:09,2003-07-26T23:03:09,https://www.alchembright.com/blog/days/post_68/,遊び尽くし,4,
124,post,2003-07-27T23:58:18,2003-07-27T23:58:18,https://www.alchembright.com/blog/byeleen/post_69/,バイト,6,
125,post,2003-07-28T21:19:06,2003-07-28T21:19:06,https://www.alchembright.com/blog/days/post_70/,ケータイで自由研究,4,
126,post,2003-07-29T20:09:51,2003-07-29T20:09:51,https://www.alchembright.com/blog/days/post_71/,受験勉強,4,
127,post,2003-07-31T23:24:55,2003-07-31T23:24:55,https://www.alchembright.com/blog/byeleen/post_72/,遅刻,6,
128,post,2003-08-01T19:06:41,2003-08-01T19:06:41,https://www.alchembright.com/blog/ynu/post_73/,補講日,7,
129,post,2003-08-02T02:29:38,2003-08-02T02:29:38,https://www.alchembright.com/blog/days/post_74/,死に様占い,4,
130,post,2003-08-02T23:33:57,2003-08-02T23:33:57,https://www.alchembright.com/blog/byeleen/post_75/,先輩と。,6,
131,post,2003-08-03T23:52:50,2003-08-03T23:52:50,https://www.alchembright.com/blog/byeleen/post_76/,帰省予定,6,
132,post,2003-08-15T11:01:30,2003-08-15T11:01:30,https://www.alchembright.com/blog/days/post_77/,「我が名はガッシュ・ベル！」,4,
133,post,2003-08-15T17:46:44,2003-08-15T17:46:44,https://www.alchembright.com/blog/days/post_78/,資格試験,4,
134,post,2003-08-22T19:12:58,2003-08-22T19:12:58,https://www.alchembright.com/blog/days/post_79/,当選,4,
135,post,2003-08-30T23:40:23,2003-08-30T23:40:23,https://www.alchembright.com/blog/byeleen/post_80/,久方ぶりの,6,
136,post,2003-08-31T23:17:42,2003-08-31T23:17:42,https://www.alchembright.com/blog/byeleen/post_81/,給料日,6,
137,post,2003-09-02T19:46:25,2003-09-02T19:46:25,https://www.alchembright.com/blog/days/post_82/,お買い物,4,
138,post,2003-09-06T19:36:44,2003-09-06T19:36:44,https://www.alchembright.com/blog/balog/post_83/,未踏ユースブースト会議一日目,10,
139,post,2003-09-07T18:50:16,2003-09-07T18:50:16,https://www.alchembright.com/blog/balog/post_84/,未踏ユースブースト会議二日目,10,
140,post,2003-09-08T23:30:29,2003-09-08T23:30:29,https://www.alchembright.com/blog/days/post_85/,旅に出る。,4,
141,post,2003-09-09T20:00:42,2003-09-09T20:00:42,https://www.alchembright.com/blog/days/post_86/,何もない,4,
142,post,2003-09-10T22:39:16,2003-09-10T22:39:16,https://www.alchembright.com/blog/days/post_87/,水泳,4,
143,post,2003-09-11T23:40:26,2003-09-11T23:40:26,https://www.alchembright.com/blog/byeleen/post_88/,はたらく,6,
144,post,2003-09-12T23:46:38,2003-09-12T23:46:38,https://www.alchembright.com/blog/byeleen/post_89/,多いよ,6,
145,post,2003-09-13T22:11:40,2003-09-13T22:11:40,https://www.alchembright.com/blog/days/pillowstower/,pillows@tower,4,
146,post,2003-09-15T23:52:05,2003-09-15T23:52:05,https://www.alchembright.com/blog/byeleen/post_90/,敬老の日,6,
147,post,2003-09-16T22:53:55,2003-09-16T22:53:55,https://www.alchembright.com/blog/days/post_91/,睡眠,4,
148,post,2003-09-17T22:57:23,2003-09-17T22:57:23,https://www.alchembright.com/blog/balog/post_92/,開発機材到着,10,
149,post,2003-09-19T19:15:41,2003-09-19T19:15:41,https://www.alchembright.com/blog/days/post_93/,激突,4,
150,post,2003-09-19T23:15:05,2003-09-19T23:15:05,https://www.alchembright.com/blog/byeleen/post_94/,大きいからといって,6,
151,post,2003-09-20T03:37:57,2003-09-20T03:37:57,https://www.alchembright.com/blog/days/post_95/,メモ,4,
152,post,2003-09-21T18:32:08,2003-09-21T18:32:08,https://www.alchembright.com/blog/byeleen/post_96/,半ドン,6,
153,post,2003-09-22T22:51:57,2003-09-22T22:51:57,https://www.alchembright.com/blog/days/post_97/,香り,4,
154,post,2003-09-23T22:43:22,2003-09-23T22:43:22,https://www.alchembright.com/blog/byeleen/post_98/,大掃除,6,
155,post,2003-09-26T22:33:25,2003-09-26T22:33:25,https://www.alchembright.com/blog/days/post_99/,寒いよ,4,
156,post,2003-09-28T23:19:24,2003-09-28T23:19:24,https://www.alchembright.com/blog/byeleen/post_100/,お弁当多すぎ,6,
157,post,2003-10-01T23:00:39,2003-10-01T23:00:39,https://www.alchembright.com/blog/byeleen/post_101/,季節もの,6,
158,post,2003-10-03T12:00:37,2003-10-03T12:00:37,https://www.alchembright.com/blog/days/post_102/,のぞみ,4,
159,post,2003-10-06T22:58:13,2003-10-06T22:58:13,https://www.alchembright.com/blog/days/post_103/,荒んでる？,4,
160,post,2003-10-07T17:47:50,2003-10-07T17:47:50,https://www.alchembright.com/blog/days/post_104/,欲しい…,4,
161,post,2003-10-19T22:00:27,2003-10-19T22:00:27,https://www.alchembright.com/blog/days/post_105/,資格を取ろう！,4,
162,post,2003-10-21T23:57:13,2003-10-21T23:57:13,https://www.alchembright.com/blog/byeleen/post_106/,風邪ひき,6,
163,post,2003-10-22T23:09:47,2003-10-22T23:09:47,https://www.alchembright.com/blog/days/ff/,FFネタ,4,
164,post,2003-10-24T20:30:14,2003-10-24T20:30:14,https://www.alchembright.com/blog/days/post_107/,同窓会,4,
165,post,2003-10-25T06:33:07,2003-10-25T06:33:07,https://www.alchembright.com/blog/balog/post_108/,メールサーバ,10,
166,post,2003-10-26T23:45:00,2003-10-26T23:45:00,https://www.alchembright.com/blog/byeleen/post_109/,ムダに働く,6,
167,post,2003-10-29T22:53:03,2003-10-29T22:53:03,https://www.alchembright.com/blog/byeleen/post_110/,後輩,6,
168,post,2003-11-01T01:55:45,2003-11-01T01:55:45,https://www.alchembright.com/blog/days/panasonic/,Panasonic,4,
169,post,2003-11-01T22:44:05,2003-11-01T22:44:05,https://www.alchembright.com/blog/byeleen/3/,今日から3連続,6,
170,post,2003-11-02T23:34:56,2003-11-02T23:34:56,https://www.alchembright.com/blog/byeleen/post_111/,新人さん,6,
171,post,2003-11-03T22:18:41,2003-11-03T22:18:41,https://www.alchembright.com/blog/byeleen/post_112/,凹み,6,
172,post,2003-11-08T23:05:11,2003-11-08T23:05:11,https://www.alchembright.com/blog/byeleen/post_113/,徹夜明けのバイト,6,
173,post,2003-11-09T18:16:01,2003-11-09T18:16:01,https://www.alchembright.com/blog/days/post_114/,休日,4,
174,post,2003-11-11T23:57:20,2003-11-11T23:57:20,https://www.alchembright.com/blog/days/pillowsliquid_room/,pillows@LIQUID ROOM,4,
175,post,2003-11-15T10:00:10,2003-11-15T10:00:10,https://www.alchembright.com/blog/days/dvd/,DVD連続視聴,4,
176,post,2003-11-21T23:30:03,2003-11-21T23:30:03,https://www.alchembright.com/blog/byeleen/post_115/,バイト,6,
177,post,2003-11-23T23:51:30,2003-11-23T23:51:30,https://www.alchembright.com/blog/byeleen/post_116/,楽しいバイト１,6,
178,post,2003-11-24T23:30:45,2003-11-24T23:30:45,https://www.alchembright.com/blog/byeleen/post_117/,楽しいバイト２,6,
179,post,2003-11-25T23:50:11,2003-11-25T23:50:11,https://www.alchembright.com/blog/days/post_118/,わたみにて,4,
180,post,2003-11-26T23:30:39,2003-11-26T23:30:39,https://www.alchembright.com/blog/byeleen/post_119/,接待,6,
181,post,2003-11-27T23:43:33,2003-11-27T23:43:33,https://www.alchembright.com/blog/byeleen/post_120/,またも二日連続,6,
182,post,2003-11-29T23:32:15,2003-11-29T23:32:15,https://www.alchembright.com/blog/byeleen/post_121/,記憶なし,6,
183,post,2003-11-30T23:35:50,2003-11-30T23:35:50,https://www.alchembright.com/blog/byeleen/post_122/,バイトが大勢,6,
184,post,2003-12-08T18:27:30,2003-12-08T18:27:30,https://www.alchembright.com/blog/days/post_123/,ブンカサイ,4,
185,post,2003-12-11T12:55:10,2003-12-11T12:55:10,https://www.alchembright.com/blog/days/post_124/,リーダー脱退,4,
186,post,2003-12-12T07:38:02,2003-12-12T07:38:02,https://www.alchembright.com/blog/mt/,mtお引越し,9,
187,post,2003-12-13T13:30:35,2003-12-13T13:30:35,https://www.alchembright.com/blog/byeleen/12/,12時間働いてみた,6,
188,post,2003-12-14T23:44:23,2003-12-14T23:44:23,https://www.alchembright.com/blog/days/post_125/,顔つき,4,
189,post,2003-12-14T13:14:53,2003-12-14T13:14:53,https://www.alchembright.com/blog/byeleen/post_126/,顔見知りの人々,6,
190,post,2003-12-16T20:35:23,2003-12-16T20:35:23,https://www.alchembright.com/blog/balog/post_127/,話が進む,10,
191,post,2003-12-17T16:11:16,2003-12-17T16:11:16,https://www.alchembright.com/blog/days/post_128/,野菜ジュース,4,
192,post,2003-12-18T22:08:43,2003-12-18T22:08:43,https://www.alchembright.com/blog/days/pillowsclub_citta/,pillows@CLUB CITTA’川崎,4,
193,post,2003-12-20T15:15:26,2003-12-20T15:15:26,https://www.alchembright.com/blog/days/gps_from_docomo/,GPSケータイ from DoCoMo,4;10,
194,post,2003-12-22T21:59:14,2003-12-22T21:59:14,https://www.alchembright.com/blog/days/post_129/,まただよ…,4,
195,post,2003-12-23T18:01:01,2003-12-23T18:01:01,https://www.alchembright.com/blog/days/post_130/,病気だな…,4,
196,post,2003-12-23T21:42:26,2003-12-23T21:42:26,https://www.alchembright.com/blog/days/post_131/,勉強しないとっ,4,
197,post,2003-12-26T14:00:10,2003-12-26T14:00:10,https://www.alchembright.com/blog/byeleen/post_132/,遅いよぉ,6,
198,post,2003-12-29T23:46:21,2003-12-29T23:46:21,https://www.alchembright.com/blog/byeleen/post_133/,バイトおさめ,6,
199,post,2004-01-02T18:30:47,2004-01-02T18:30:47,https://www.alchembright.com/blog/days/2004/,2004年の始まり,4,
200,post,2004-01-02T21:14:34,2004-01-02T21:14:34,https://www.alchembright.com/blog/days/gps_from_docomo2/,GPSケータイ from DoCoMo(2),4;10,
201,post,2004-01-03T23:14:37,2004-01-03T23:14:37,https://www.alchembright.com/blog/byeleen/post_134/,仕事始め,6,
202,post,2004-01-08T13:50:23,2004-01-08T13:50:23,https://www.alchembright.com/blog/days/post_135/,まりまろ,4,
203,post,2004-01-08T14:37:22,2004-01-08T14:37:22,https://www.alchembright.com/blog/days/zone/,新生ZONE,4,
204,post,2004-01-09T13:20:38,2004-01-09T13:20:38,https://www.alchembright.com/blog/days/post_136/,お呼ばれ,4,
205,post,2004-01-10T12:12:17,2004-01-10T12:12:17,https://www.alchembright.com/blog/byeleen/post_137/,大忙し,6,
206,post,2004-01-11T23:16:57,2004-01-11T23:16:57,https://www.alchembright.com/blog/byeleen/post_138/,シフト変更,6,
207,post,2004-01-12T15:20:51,2004-01-12T15:20:51,https://www.alchembright.com/blog/byeleen/post_139/,バイト中,6,
208,post,2004-01-14T17:28:15,2004-01-14T17:28:15,https://www.alchembright.com/blog/days/post_140/,夢,4,
209,post,2004-01-15T11:38:04,2004-01-15T11:38:04,https://www.alchembright.com/blog/byeleen/post_141/,お留守番,6,
210,post,2004-01-15T11:50:51,2004-01-15T11:50:51,https://www.alchembright.com/blog/days/google/,Googleも!?,4;10,
211,post,2004-01-17T23:30:25,2004-01-17T23:30:25,https://www.alchembright.com/blog/byeleen/post_142/,じたばた,6,
212,post,2004-01-18T23:30:45,2004-01-18T23:30:45,https://www.alchembright.com/blog/byeleen/post_143/,くっつきすぎ,6,
213,post,2004-01-19T17:26:59,2004-01-19T17:26:59,https://www.alchembright.com/blog/days/post_144/,悩み多き年頃,4,
214,post,2004-01-20T18:26:05,2004-01-20T18:26:05,https://www.alchembright.com/blog/byeleen/post_145/,やられた(>_<),6,
215,post,2004-01-21T20:46:26,2004-01-21T20:46:26,https://www.alchembright.com/blog/days/post_146/,逃げ,4,
216,post,2004-01-22T19:36:20,2004-01-22T19:36:20,https://www.alchembright.com/blog/2blog/,第2回blog勉強会,9;10,
217,post,2004-01-25T23:31:41,2004-01-25T23:31:41,https://www.alchembright.com/blog/byeleen/post_147/,行くんじゃなかった…,6,
218,post,2004-01-26T23:30:27,2004-01-26T23:30:27,https://www.alchembright.com/blog/days/post_148/,もうすぐ,4,
219,post,2004-01-26T23:43:51,2004-01-26T23:43:51,https://www.alchembright.com/blog/days/post_149/,忙しいときほど…,4;10,
220,post,2004-01-27T23:56:36,2004-01-27T23:56:36,https://www.alchembright.com/blog/days/post_150/,論文執筆中,4,
221,post,2004-01-28T08:49:09,2004-01-28T08:49:09,https://www.alchembright.com/blog/days/post_151/,「モスライスバーガーやきにく」２月から販売休止へ,4,
222,post,2004-01-28T22:25:34,2004-01-28T22:25:34,https://www.alchembright.com/blog/byeleen/post_152/,初！,6,
223,post,2004-01-30T14:51:07,2004-01-30T14:51:07,https://www.alchembright.com/blog/ynu/post_153/,提出,7,
224,post,2004-02-01T22:13:53,2004-02-01T22:13:53,https://www.alchembright.com/blog/byeleen/post_154/,早上がり,6,
225,post,2004-02-03T23:13:13,2004-02-03T23:13:13,https://www.alchembright.com/blog/days/post_155/,がんばれ、自分,4,
226,post,2004-02-04T18:43:49,2004-02-04T18:43:49,https://www.alchembright.com/blog/days/post_156/,急展開,4,
227,post,2004-02-05T12:20:43,2004-02-05T12:20:43,https://www.alchembright.com/blog/days/post_157/,トイレできく？,4,
228,post,2004-02-06T12:11:37,2004-02-06T12:11:37,https://www.alchembright.com/blog/days/day/,びっくりday,4,
229,post,2004-02-07T23:05:35,2004-02-07T23:05:35,https://www.alchembright.com/blog/byeleen/post_158/,忘れたけど,6,
230,post,2004-02-09T22:51:25,2004-02-09T22:51:25,https://www.alchembright.com/blog/days/post_159/,番外編,4,
231,post,2004-02-15T19:30:07,2004-02-15T19:30:07,https://www.alchembright.com/blog/days/post_160/,初参加,4,
232,post,2004-02-16T23:00:17,2004-02-16T23:00:17,https://www.alchembright.com/blog/days/post_161/,自炊ブーム,4,
233,post,2004-02-18T01:41:28,2004-02-18T01:41:28,https://www.alchembright.com/blog/days/post_162/,危機,4,
234,post,2004-02-19T15:45:59,2004-02-19T15:45:59,https://www.alchembright.com/blog/ynu/post_163/,卒論発表会,7,
236,post,2004-02-22T00:11:41,2004-02-22T00:11:41,https://www.alchembright.com/blog/balog/perlmagick/,PerlMagickインストール,10,
237,post,2004-02-22T18:25:08,2004-02-22T18:25:08,https://www.alchembright.com/blog/days/post_165/,これから,4,
238,post,2004-02-23T14:06:24,2004-02-23T14:06:24,https://www.alchembright.com/blog/days/post_166/,久々に,4,
239,post,2004-02-24T14:40:26,2004-02-24T14:40:26,https://www.alchembright.com/blog/days/post_167/,修復不可能,4,
240,post,2004-02-25T12:10:14,2004-02-25T12:10:14,https://www.alchembright.com/blog/balog/post_168/,金沢一日目,10,
241,post,2004-02-26T15:00:15,2004-02-26T15:00:15,https://www.alchembright.com/blog/balog/post_169/,金沢二日目,10,
242,post,2004-02-27T22:56:06,2004-02-27T22:56:06,https://www.alchembright.com/blog/balog/post_170/,今後の展開,10,
243,post,2004-02-28T22:09:11,2004-02-28T22:09:11,https://www.alchembright.com/blog/balog/1_2/,未踏ユース成果報告会(1),10,
244,post,2004-02-29T17:14:01,2004-02-29T17:14:01,https://www.alchembright.com/blog/balog/2/,未踏ユース成果報告会(2),10,
245,post,2004-03-01T17:43:31,2004-03-01T17:43:31,https://www.alchembright.com/blog/days/softether/,SoftEtherのその後,4,
246,post,2004-03-02T21:27:46,2004-03-02T21:27:46,https://www.alchembright.com/blog/ynu/post_171/,来年度の予定,7,
247,post,2004-03-02T22:52:02,2004-03-02T22:52:02,https://www.alchembright.com/blog/blog/,桜.BLOG -桜でつながるトラックバック企画-,9;10,
248,post,2004-03-03T23:15:00,2004-03-03T23:15:00,https://www.alchembright.com/blog/balog/post_172/,ポスター準備,10,
249,post,2004-03-04T03:44:57,2004-03-04T03:44:57,https://www.alchembright.com/blog/balog/2_1/,ポスター準備(2),10,
250,post,2004-03-04T22:00:31,2004-03-04T22:00:31,https://www.alchembright.com/blog/balog/post_173/,インタラクティブセッション,10,
251,post,2004-03-05T18:00:04,2004-03-05T18:00:04,https://www.alchembright.com/blog/days/post_174/,イメチェン,4,
252,post,2004-03-05T21:00:30,2004-03-05T21:00:30,https://www.alchembright.com/blog/days/post_175/,息抜き,4,
253,post,2004-03-06T15:41:53,2004-03-06T15:41:53,https://www.alchembright.com/blog/days/post_176/,大人買い,4,
254,post,2004-03-06T21:30:31,2004-03-06T21:30:31,https://www.alchembright.com/blog/days/3_1/,3月といえば,4,
255,post,2004-03-06T23:56:45,2004-03-06T23:56:45,https://www.alchembright.com/blog/days/post_177/,合宿？,4,
256,post,2004-03-07T22:52:42,2004-03-07T22:52:42,https://www.alchembright.com/blog/days/pillowsshibuyaax/,pillows@SHIBUYA-AX,4,
257,post,2004-03-08T15:06:55,2004-03-08T15:06:55,https://www.alchembright.com/blog/days/post_178/,飲み会続き,4;6,
258,post,2004-03-09T23:13:31,2004-03-09T23:13:31,https://www.alchembright.com/blog/days/post_179/,だらけすぎ,4,
259,post,2004-03-10T14:21:01,2004-03-10T14:21:01,https://www.alchembright.com/blog/balog/post_180/,はじまり,10,
260,post,2004-03-11T21:50:25,2004-03-11T21:50:25,https://www.alchembright.com/blog/balog/sfc/,慶応SFCへ,10,
261,post,2004-03-12T23:30:11,2004-03-12T23:30:11,https://www.alchembright.com/blog/days/post_181/,時間の使い方,4,
262,post,2004-03-13T23:09:17,2004-03-13T23:09:17,https://www.alchembright.com/blog/days/radio/,RADIO,4,
263,post,2004-03-14T23:37:36,2004-03-14T23:37:36,https://www.alchembright.com/blog/days/post_182/,食事会,4,
264,post,2004-03-15T16:55:36,2004-03-15T16:55:36,https://www.alchembright.com/blog/days/post_183/,やっぱり成績が悪い,4,
265,post,2004-03-18T22:44:36,2004-03-18T22:44:36,https://www.alchembright.com/blog/days/post_184/,やっぱり美味☆,4,
266,post,2004-03-19T15:50:24,2004-03-19T15:50:24,https://www.alchembright.com/blog/days/post_185/,引き続き,4,
267,post,2004-03-20T14:28:39,2004-03-20T14:28:39,https://www.alchembright.com/blog/byeleen/post_186/,やっぱりダメだよ揚げおむすび,6,
268,post,2004-03-21T12:09:40,2004-03-21T12:09:40,https://www.alchembright.com/blog/byeleen/post_187/,間違い,6,
269,post,2004-03-22T23:22:32,2004-03-22T23:22:32,https://www.alchembright.com/blog/days/post_188/,ご紹介,4,
270,post,2004-03-24T01:06:19,2004-03-24T01:06:19,https://www.alchembright.com/blog/days/post_189/,今年も,4,
271,post,2004-03-24T23:08:27,2004-03-24T23:08:27,https://www.alchembright.com/blog/days/post_190/,祝われる,4,
272,post,2004-03-25T23:32:22,2004-03-25T23:32:22,https://www.alchembright.com/blog/days/post_191/,卒業,4;7,
273,post,2004-03-26T17:07:03,2004-03-26T17:07:03,https://www.alchembright.com/blog/days/post_192/,送別会,4;7,
274,post,2004-03-27T18:18:17,2004-03-27T18:18:17,https://www.alchembright.com/blog/balog/post_193/,ケータイから見る！,10,
275,post,2004-03-28T22:51:47,2004-03-28T22:51:47,https://www.alchembright.com/blog/byeleen/post_194/,お別れ,6,
276,post,2004-03-29T23:57:54,2004-03-29T23:57:54,https://www.alchembright.com/blog/days/post_195/,帰省してみる,4,
277,post,2004-03-30T22:04:53,2004-03-30T22:04:53,https://www.alchembright.com/blog/days/2_2/,帰省2日目,4,
278,post,2004-03-31T16:08:20,2004-03-31T16:08:20,https://www.alchembright.com/blog/days/3_2/,帰省3日目,4,
279,post,2004-03-31T23:11:28,2004-03-31T23:11:28,https://www.alchembright.com/blog/days/post_196/,キノコ好き,4,
280,post,2004-04-01T15:16:59,2004-04-01T15:16:59,https://www.alchembright.com/blog/days/post_197/,風邪ひき,4,
281,post,2004-04-02T19:34:58,2004-04-02T19:34:58,https://www.alchembright.com/blog/days/post_198/,お花見,4,
282,post,2004-04-03T17:36:58,2004-04-03T17:36:58,https://www.alchembright.com/blog/days/post_199/,労働,4,
283,post,2004-04-04T12:17:45,2004-04-04T12:17:45,https://www.alchembright.com/blog/days/post_200/,やる気をください,4,
284,post,2004-04-05T12:26:01,2004-04-05T12:26:01,https://www.alchembright.com/blog/ynu/post_201/,マルチパス,7;10,
285,post,2004-04-06T16:28:57,2004-04-06T16:28:57,https://www.alchembright.com/blog/ynu/post_202/,新年度開始,7,
286,post,2004-04-07T23:42:04,2004-04-07T23:42:04,https://www.alchembright.com/blog/days/post_203/,締め切り,4,
287,post,2004-04-08T08:47:38,2004-04-08T08:47:38,https://www.alchembright.com/blog/days/post_204/,だらだらと…,4,
288,post,2004-04-09T12:27:51,2004-04-09T12:27:51,https://www.alchembright.com/blog/ynu/post_205/,講義開始,7,
289,post,2004-04-09T15:56:09,2004-04-09T15:56:09,https://www.alchembright.com/blog/days/post_206/,しばしの別れ,4,
290,post,2004-04-12T23:00:04,2004-04-12T23:00:04,https://www.alchembright.com/blog/days/post_207/,こちらでも開始,4,
291,post,2004-04-14T22:55:19,2004-04-14T22:55:19,https://www.alchembright.com/blog/days/post_208/,思いやり,4,
292,post,2004-04-15T15:57:12,2004-04-15T15:57:12,https://www.alchembright.com/blog/photo/post_209/,作業中,11,
293,post,2004-04-16T22:08:19,2004-04-16T22:08:19,https://www.alchembright.com/blog/photo/post_210/,以前から,11,
294,post,2004-04-17T22:18:43,2004-04-17T22:18:43,https://www.alchembright.com/blog/days/post_211/,新生活,4,
295,post,2004-04-18T02:09:10,2004-04-18T02:09:10,https://www.alchembright.com/blog/days/post_212/,爽やか,4,
296,post,2004-04-19T23:13:58,2004-04-19T23:13:58,https://www.alchembright.com/blog/days/post_213/,たまには怒ります,4,
298,post,2004-04-20T12:45:03,2004-04-20T12:45:03,https://www.alchembright.com/blog/ynu/4_1/,根上研4年ゼミ,7,
299,post,2004-04-23T11:30:40,2004-04-23T11:30:40,https://www.alchembright.com/blog/uncategorized/post_215/,出発,1,
300,post,2004-04-23T12:48:07,2004-04-23T12:48:07,https://www.alchembright.com/blog/uncategorized/post_216/,到着,1,
301,post,2004-04-23T15:31:45,2004-04-23T15:31:45,https://www.alchembright.com/blog/uncategorized/post_217/,セミナーハウス,1,
302,post,2004-04-23T13:02:19,2004-04-23T13:02:19,https://www.alchembright.com/blog/days/post_218/,軽井沢合宿初日,4,
303,post,2004-04-25T22:15:38,2004-04-25T22:15:38,https://www.alchembright.com/blog/uncategorized/gree_night_10/,GREE Night 1.0,1,
304,post,2004-04-27T23:03:08,2004-04-27T23:03:08,https://www.alchembright.com/blog/ynu/post_219/,若手と,7,
305,post,2004-04-30T11:55:43,2004-04-30T11:55:43,https://www.alchembright.com/blog/uncategorized/post_220/,市大,1,
306,post,2004-05-01T09:04:33,2004-05-01T09:04:33,https://www.alchembright.com/blog/uncategorized/post_221/,到着,1,
307,post,2004-05-02T16:46:57,2004-05-02T16:46:57,https://www.alchembright.com/blog/uncategorized/post_222/,今日のナナちゃん,1,
308,post,2004-05-02T17:09:19,2004-05-02T17:09:19,https://www.alchembright.com/blog/uncategorized/post_223/,運だめし,1,
309,post,2004-05-03T15:42:48,2004-05-03T15:42:48,https://www.alchembright.com/blog/uncategorized/post_224/,万松寺,1,
310,post,2004-05-03T20:57:16,2004-05-03T20:57:16,https://www.alchembright.com/blog/uncategorized/post_225/,くいしんぼう,1,
311,post,2004-05-04T17:55:22,2004-05-04T17:55:22,https://www.alchembright.com/blog/uncategorized/post_226/,魚半,1,
312,post,2004-05-08T13:34:18,2004-05-08T13:34:18,https://www.alchembright.com/blog/uncategorized/post_227/,めずらしく,1,
313,post,2004-05-08T18:21:50,2004-05-08T18:21:50,https://www.alchembright.com/blog/uncategorized/post_228/,撮影中？,1,
314,post,2004-05-11T13:59:28,2004-05-11T13:59:28,https://www.alchembright.com/blog/uncategorized/post_229/,着いた！,1,
315,post,2004-05-11T14:36:29,2004-05-11T14:36:29,https://www.alchembright.com/blog/uncategorized/post_230/,国際会館駅,1,
316,post,2004-05-11T14:45:58,2004-05-11T14:45:58,https://www.alchembright.com/blog/uncategorized/post_231/,移動するには,1,
317,post,2004-05-11T22:26:38,2004-05-11T22:26:38,https://www.alchembright.com/blog/uncategorized/post_232/,兵庫入り,1,
318,post,2004-05-13T14:46:57,2004-05-13T14:46:57,https://www.alchembright.com/blog/uncategorized/post_233/,ケータイ展,1,
319,post,2004-05-13T18:45:30,2004-05-13T18:45:30,https://www.alchembright.com/blog/uncategorized/post_234/,私設図書館,1,
320,post,2004-05-13T18:57:25,2004-05-13T18:57:25,https://www.alchembright.com/blog/uncategorized/post_235/,京大？,1,
321,post,2004-05-13T13:22:39,2004-05-13T13:22:39,https://www.alchembright.com/blog/days/post_236/,はいてんしょん,4,
322,post,2004-05-14T11:28:22,2004-05-14T11:28:22,https://www.alchembright.com/blog/balog/post_237/,てすと,10,
323,post,2004-05-14T14:43:07,2004-05-14T14:43:07,https://www.alchembright.com/blog/uncategorized/post_238/,ガケ書房,1,
324,post,2004-05-14T16:22:22,2004-05-14T16:22:22,https://www.alchembright.com/blog/uncategorized/post_239/,学問の神様,1,
325,post,2004-05-14T17:19:33,2004-05-14T17:19:33,https://www.alchembright.com/blog/uncategorized/post_240/,二条城前,1,
326,post,2004-05-14T19:18:30,2004-05-14T19:18:30,https://www.alchembright.com/blog/uncategorized/post_241/,叡山電車,1,
327,post,2004-05-14T20:07:02,2004-05-14T20:07:02,https://www.alchembright.com/blog/uncategorized/post_242/,がんこ,1,
328,post,2004-06-08T12:21:25,2004-06-08T12:21:25,https://www.alchembright.com/blog/days/post_243/,ひとまず,4,
329,post,2004-06-08T12:51:51,2004-06-08T12:51:51,https://www.alchembright.com/blog/days/post_244/,おぼえがき,4,
330,post,2004-06-09T18:14:08,2004-06-09T18:14:08,https://www.alchembright.com/blog/days/69/,6/9,4,
331,post,2004-06-12T17:21:41,2004-06-12T17:21:41,https://www.alchembright.com/blog/uncategorized/post_245/,ｃａｍｉｏ,1,
332,post,2004-06-19T00:13:34,2004-06-19T00:13:34,https://www.alchembright.com/blog/days/pillows/,pillows記念日,4,
333,post,2004-06-19T10:06:46,2004-06-19T10:06:46,https://www.alchembright.com/blog/days/post_246/,しょっく,4,
334,post,2004-07-02T16:52:21,2004-07-02T16:52:21,https://www.alchembright.com/blog/uncategorized/post_247/,発表,1,
335,post,2004-07-02T17:29:16,2004-07-02T17:29:16,https://www.alchembright.com/blog/balog/swoweblog/,SWO研究会(Weblog特集)で発表,10,
336,post,2004-07-03T16:51:41,2004-07-03T16:51:41,https://www.alchembright.com/blog/days/post_248/,ぷち打ち上げ,4,
337,post,2004-07-04T23:08:36,2004-07-04T23:08:36,https://www.alchembright.com/blog/days/post_249/,バーゲン,4,
338,post,2004-07-06T13:41:44,2004-07-06T13:41:44,https://www.alchembright.com/blog/uncategorized/post_250/,今から,1,
339,post,2004-07-06T15:10:05,2004-07-06T15:10:05,https://www.alchembright.com/blog/uncategorized/post_251/,ミーティングにて,1,
340,post,2004-07-06T23:15:40,2004-07-06T23:15:40,https://www.alchembright.com/blog/days/post_252/,お買い物メモ,4,
341,post,2004-07-08T10:36:11,2004-07-08T10:36:11,https://www.alchembright.com/blog/uncategorized/post_253/,しょっく(こうさぎ),1,
342,post,2004-07-13T19:36:30,2004-07-13T19:36:30,https://www.alchembright.com/blog/days/post_254/,メガネ,4,
343,post,2004-07-17T16:00:45,2004-07-17T16:00:45,https://www.alchembright.com/blog/days/post_255/,手書きで話そう,4,
344,post,2004-07-21T23:38:44,2004-07-21T23:38:44,https://www.alchembright.com/blog/days/post_256/,ケミカルバンプショウ!!,4,
345,post,2004-07-22T14:37:28,2004-07-22T14:37:28,https://www.alchembright.com/blog/uncategorized/post_257/,しょっく(こうさぎ),1,
346,post,2004-07-29T13:02:20,2004-07-29T13:02:20,https://www.alchembright.com/blog/uncategorized/post_258/,ミーティングにて(こうさぎ),1,
347,post,2004-07-31T05:05:49,2004-07-31T05:05:49,https://www.alchembright.com/blog/days/post_259/,レポートの嵐！,4,
348,post,2004-07-31T11:11:07,2004-07-31T11:11:07,https://www.alchembright.com/blog/uncategorized/post_260/,オープンキャンパス,1,
349,post,2004-07-31T17:30:05,2004-07-31T17:30:05,https://www.alchembright.com/blog/uncategorized/post_261/,マルチリンク打上げ会,1,
350,post,2004-08-05T01:42:53,2004-08-05T01:42:53,https://www.alchembright.com/blog/uncategorized/post_262/,火事？,1,
351,post,2004-08-05T11:44:17,2004-08-05T11:44:17,https://www.alchembright.com/blog/uncategorized/post_263/,マルチリンク打上げ会(こうさぎ),1,
352,post,2004-08-06T09:46:52,2004-08-06T09:46:52,https://www.alchembright.com/blog/uncategorized/post_264/,名古屋到着,1,
353,post,2004-08-06T10:12:17,2004-08-06T10:12:17,https://www.alchembright.com/blog/uncategorized/post_265/,岐阜駅,1,
354,post,2004-08-08T23:46:47,2004-08-08T23:46:47,https://www.alchembright.com/blog/uncategorized/post_266/,長良川花火大会,1,
355,post,2004-08-08T23:50:26,2004-08-08T23:50:26,https://www.alchembright.com/blog/uncategorized/post_267/,松乃屋さん,1,
356,post,2004-08-12T11:52:36,2004-08-12T11:52:36,https://www.alchembright.com/blog/uncategorized/post_268/,名古屋到着(こうさぎ),1,
357,post,2004-08-19T11:30:52,2004-08-19T11:30:52,https://www.alchembright.com/blog/uncategorized/post_269/,レポートの嵐！(こうさぎ),1,
358,post,2004-08-27T11:04:41,2004-08-27T11:04:41,https://www.alchembright.com/blog/uncategorized/post_270/,名古屋到着(こうさぎ),1,
359,post,2004-09-01T17:08:44,2004-09-01T17:08:44,https://www.alchembright.com/blog/uncategorized/post_271/,未来館,1,
360,post,2004-09-01T17:19:41,2004-09-01T17:19:41,https://www.alchembright.com/blog/uncategorized/post_272/,東京国際交流館から,1,
361,post,2004-09-01T17:37:35,2004-09-01T17:37:35,https://www.alchembright.com/blog/uncategorized/post_273/,お台場冒険王！,1,
362,post,2004-09-03T10:55:29,2004-09-03T10:55:29,https://www.alchembright.com/blog/uncategorized/post_274/,名古屋到着(こうさぎ),1,
363,post,2004-09-10T10:55:58,2004-09-10T10:55:58,https://www.alchembright.com/blog/uncategorized/post_275/,長良川花火大会(こうさぎ),1,
364,post,2004-09-16T23:17:11,2004-09-16T23:17:11,https://www.alchembright.com/blog/days/the_pillows_15th_anniversary/,the pillows 15th Anniversary!!,4,
365,post,2004-09-18T01:01:33,2004-09-18T01:01:33,https://www.alchembright.com/blog/days/post_276/,お尻が重い,4,
366,post,2004-09-18T10:37:40,2004-09-18T10:37:40,https://www.alchembright.com/blog/uncategorized/post_277/,お尻が重い(こうさぎ),1,
367,post,2004-09-22T13:33:30,2004-09-22T13:33:30,https://www.alchembright.com/blog/uncategorized/post_278/,横浜市大,1,
368,post,2004-09-25T10:30:02,2004-09-25T10:30:02,https://www.alchembright.com/blog/uncategorized/post_279/,お台場冒険王！(こうさぎ),1,
369,post,2004-10-02T10:29:28,2004-10-02T10:29:28,https://www.alchembright.com/blog/uncategorized/the_pillows_15th_anniversary_1/,the pillows 15th Anniversary!!(こうさぎ),1,
370,post,2004-10-04T02:26:03,2004-10-04T02:26:03,https://www.alchembright.com/blog/days/post_280/,コメントスパム,4,
371,post,2004-10-06T23:37:40,2004-10-06T23:37:40,https://www.alchembright.com/blog/uncategorized/post_281/,シシリヤ,1,
372,post,2004-10-09T10:34:17,2004-10-09T10:34:17,https://www.alchembright.com/blog/uncategorized/post_282/,シシリヤ(こうさぎ),1,
373,post,2004-10-10T16:10:57,2004-10-10T16:10:57,https://www.alchembright.com/blog/uncategorized/post_283/,復旧してます,1,
374,post,2004-10-10T18:44:45,2004-10-10T18:44:45,https://www.alchembright.com/blog/uncategorized/post_284/,匠味,1,
375,post,2004-10-10T18:49:05,2004-10-10T18:49:05,https://www.alchembright.com/blog/uncategorized/post_285/,落書きたち,1,
376,post,2004-10-15T10:47:49,2004-10-15T10:47:49,https://www.alchembright.com/blog/uncategorized/post_286/,復旧してます(こうさぎ),1,
377,post,2004-10-21T18:39:08,2004-10-21T18:39:08,https://www.alchembright.com/blog/balog/mime/,MIMEタイプの設定,10,
378,post,2004-10-22T10:33:30,2004-10-22T10:33:30,https://www.alchembright.com/blog/uncategorized/post_287/,シシリヤ(こうさぎ),1,
379,post,2004-10-28T10:37:33,2004-10-28T10:37:33,https://www.alchembright.com/blog/uncategorized/mime_1/,MIMEタイプの設定(こうさぎ),1,
380,post,2004-11-03T10:33:54,2004-11-03T10:33:54,https://www.alchembright.com/blog/uncategorized/post_288/,落書きたち(こうさぎ),1,
381,post,2004-11-09T16:57:08,2004-11-09T16:57:08,https://www.alchembright.com/blog/uncategorized/iswc2004/,ISWC2004,1,
382,post,2004-11-10T10:32:13,2004-11-10T10:32:13,https://www.alchembright.com/blog/uncategorized/post_289/,落書きたち(こうさぎ),1,
383,post,2004-11-10T10:50:21,2004-11-10T10:50:21,https://www.alchembright.com/blog/uncategorized/post_290/,原爆ドーム,1,
384,post,2004-11-10T12:11:43,2004-11-10T12:11:43,https://www.alchembright.com/blog/uncategorized/post_291/,広島平和記念資料館,1,
385,post,2004-11-10T12:49:30,2004-11-10T12:49:30,https://www.alchembright.com/blog/uncategorized/post_292/,広島城,1,
386,post,2004-11-12T10:11:32,2004-11-12T10:11:32,https://www.alchembright.com/blog/uncategorized/post_293/,広島駅,1,
387,post,2004-11-16T10:33:28,2004-11-16T10:33:28,https://www.alchembright.com/blog/uncategorized/mime_2/,MIMEタイプの設定(こうさぎ),1,
388,post,2004-11-24T11:41:23,2004-11-24T11:41:23,https://www.alchembright.com/blog/uncategorized/iswc2004_1/,ISWC2004(こうさぎ),1,
389,post,2004-11-27T14:40:59,2004-11-27T14:40:59,https://www.alchembright.com/blog/post_294/,やっと,9,
390,post,2004-11-28T12:30:21,2004-11-28T12:30:21,https://www.alchembright.com/blog/uncategorized/post_295/,がんばれ、受験生！,1,
391,post,2004-11-28T15:28:58,2004-11-28T15:28:58,https://www.alchembright.com/blog/uncategorized/touch/,Touch!,1,
392,post,2004-12-04T04:37:10,2004-12-04T04:37:10,https://www.alchembright.com/blog/days/nana/,NANAも映画化,4,
393,post,2004-12-06T03:39:52,2004-12-06T03:39:52,https://www.alchembright.com/blog/days/post_296/,就職活動するかなぁ,4,
394,post,2004-12-20T11:30:04,2004-12-20T11:30:04,https://www.alchembright.com/blog/post_297/,バージョンアップ,9,
395,post,2004-12-22T03:14:37,2004-12-22T03:14:37,https://www.alchembright.com/blog/days/post_298/,アニメ化！,4,
396,post,2004-12-23T13:18:39,2004-12-23T13:18:39,https://www.alchembright.com/blog/days/vs_fedoracore3/,V.S. FedoraCore3,4,
397,post,2004-12-26T22:12:42,2004-12-26T22:12:42,https://www.alchembright.com/blog/days/post_299/,お買い物,4,
398,post,2004-12-27T14:32:51,2004-12-27T14:32:51,https://www.alchembright.com/blog/days/vs_fedoracore3_qmail/,V.S. FedoraCore3 (qmailの巻),4,
399,post,2004-12-31T20:42:10,2004-12-31T20:42:10,https://www.alchembright.com/blog/days/2004_1/,さよなら、2004年,4,
400,post,2005-01-07T14:04:33,2005-01-07T14:04:33,https://www.alchembright.com/blog/days/post_300/,新年早々,4,
401,post,2005-01-30T01:44:35,2005-01-30T01:44:35,https://www.alchembright.com/blog/days/post_301/,メールサーバ,4,
402,post,2005-02-01T04:21:49,2005-02-01T04:21:49,https://www.alchembright.com/blog/days/love_for_nana/,LOVE FOR NANA,4,
403,post,2005-02-16T13:48:38,2005-02-16T13:48:38,https://www.alchembright.com/blog/uncategorized/post_302/,打ち合わせ,1,
404,post,2005-02-28T05:44:38,2005-02-28T05:44:38,https://www.alchembright.com/blog/uncategorized/post_303/,ポスター完成！,1,
405,post,2005-03-01T00:34:40,2005-03-01T00:34:40,https://www.alchembright.com/blog/uncategorized/post_304/,苺一会,1,
406,post,2005-05-19T13:07:15,2005-05-19T13:07:15,https://www.alchembright.com/blog/uncategorized/amt2005/,AMT2005,1,
407,post,2005-05-20T12:19:45,2005-05-20T12:19:45,https://www.alchembright.com/blog/uncategorized/post_305/,うどん市場,1,
408,post,2005-05-21T11:08:47,2005-05-21T11:08:47,https://www.alchembright.com/blog/uncategorized/post_306/,さか枝,1,
409,post,2005-05-30T20:57:01,2005-05-30T20:57:01,https://www.alchembright.com/blog/days/post_307/,近況とか,4,
410,post,2009-10-29T23:54:38,2009-10-29T23:54:38,https://www.alchembright.com/blog/days/import/,import!,4,
411,post,2009-11-10T20:29:43,2009-11-10T20:29:43,https://www.alchembright.com/blog/uncategorized/fwd_2/,Fwd: 投稿テスト,1,
412,post,2009-11-11T12:00:26,2009-11-11T12:00:26,https://www.alchembright.com/blog/uncategorized/vim_1/,vim設定,1,
413,post,2009-11-11T19:16:48,2009-11-11T19:16:48,https://www.alchembright.com/blog/uncategorized/post_308/,改行テスト,1,
414,post,2009-11-18T15:45:57,2009-11-18T15:45:57,https://www.alchembright.com/blog/uncategorized/post_309/,画像投稿ですと,1,
415,post,2009-11-27T18:39:23,2009-11-27T18:39:23,https://www.alchembright.com/blog/uncategorized/fwd/,Fwd: 画像テスト,1,
416,post,2009-11-27T18:59:45,2009-11-27T18:59:45,https://www.alchembright.com/blog/uncategorized/post_310/,梅林,1,
417,post,2009-12-31T02:39:41,2009-12-31T02:39:41,https://www.alchembright.com/blog/uncategorized/post_311/,久しぶりの,1,
418,post,2009-12-31T17:53:47,2009-12-31T17:53:47,https://www.alchembright.com/blog/uncategorized/2009/,さよなら2009年,1,
419,post,2010-01-12T00:07:50,2010-01-12T00:07:50,https://www.alchembright.com/blog/uncategorized/hello_2010/,"hello, 2010",1,
420,post,2010-05-14T10:23:10,2010-05-14T10:23:10,https://www.alchembright.com/blog/uncategorized/cassandra_installl/,Cassandra installl,1,12
421,post,2010-06-04T11:18:37,2010-06-04T11:18:37,https://www.alchembright.com/blog/uncategorized/cassandra/,Cassandraインストール手順,1,
422,post,2010-08-16T22:29:03,2010-08-16T22:29:03,https://www.alchembright.com/blog/uncategorized/post_312/,日の出らーめん,1,
423,post,2010-08-17T14:09:30,2010-08-17T14:09:30,https://www.alchembright.com/blog/uncategorized/post_313/,キジ焼き丼,1,
424,post,2010-08-21T14:16:08,2010-08-21T14:16:08,https://www.alchembright.com/blog/uncategorized/post_314/,らぁめん丸,1,
425,post,2010-08-24T14:04:43,2010-08-24T14:04:43,https://www.alchembright.com/blog/uncategorized/post_315/,三田製麺所,1,
426,post,2010-08-25T08:48:01,2010-08-25T08:48:01,https://www.alchembright.com/blog/uncategorized/post_316/,そういえば,1,
427,post,2010-08-26T19:33:05,2010-08-26T19:33:05,https://www.alchembright.com/blog/uncategorized/post_317/,饂飩四国 田町店,1,
428,post,2010-08-27T00:11:35,2010-08-27T00:11:35,https://www.alchembright.com/blog/days/post_318/,思うこと,4,
429,post,2010-08-28T15:35:53,2021-09-18T01:49:13,https://www.alchembright.com/blog/days/misdo_20100828/,ミスド,4,
430,post,2010-11-24T16:28:31,2021-09-18T01:44:56,https://www.alchembright.com/blog/tech/start_mac/,start mac,13,
431,post,2010-12-08T17:56:45,2021-09-18T01:44:28,https://www.alchembright.com/blog/tech/warnings_on_xmlsimple/,warnings on XML::Simple,13,
434,post,2011-12-31T21:43:39,2021-09-18T00:40:08,https://www.alchembright.com/blog/goodbye-2011/,さよなら2011年,9,
442,post,2021-09-18T01:16:08,2021-09-18T01:17:01,https://www.alchembright.com/blog/switch-to-wordpress/,WordPressへ移行,9,
527,post,2025-04-18T06:01:38,2025-04-18T06:01:38,https://www.alchembright.com/blog/days/%e6%96%99%e7%90%86%e3%81%a8%e3%81%9d%e3%81%ae%e3%82%b4%e3%83%bc%e3%83%ab/,料理とそのゴール,4,
531,page,2025-11-02T09:49:05,2025-11-04T06:20:31,https://www.alchembright.com/kirokun-support/,KIROKUN(キロクン) プライバシーポリシー,,
466,page,2022-12-25T16:11:10,2022-12-25T18:49:32,https://www.alchembright.com/about/,about,,
461,page,2022-12-25T15:48:14,2025-02-25T07:33:19,https://www.alchembright.com/,home,,
