source_url,source_kind,source_id,target_path,action,http_status,evidence,verified_at,notes
https://www.alchembright.com/blog/uncategorized/i_just_finished_installing_mov/,post,wp:6,/blog/uncategorized/i_just_finished_installing_mov/,preserve,200,public REST permalink; local build verification pending,,production server unverified
https://www.alchembright.com/blog/uncategorized/just_started/,post,wp:7,/blog/uncategorized/just_started/,preserve,200,public REST permalink; local build verification pending,,production server unverified
https://www.alchembright.com/blog/uncategorized/post/,post,wp:8,/blog/uncategorized/post/,preserve,200,public REST permalink; local build verification pending,,production server unverified
https://www.alchembright.com/blog/uncategorized/the_factor/,post,wp:9,/blog/uncategorized/the_factor/,preserve,200,public REST permalink; local build verification pending,,production server unverified
https://www.alchembright.com/blog/uncategorized/the_way_of/,post,wp:10,/blog/uncategorized/the_way_of/,preserve,200,public REST permalink; local build verification pending,,production server unverified
https://www.alchembright.com/blog/uncategorized/works/,post,wp:11,/blog/uncategorized/works/,preserve,200,public REST permalink; local build verification pending,,production server unverified
https://www.alchembright.com/blog/uncategorized/project/,post,wp:12,/blog/uncategorized/project/,preserve,200,public REST permalink; local build verification pending,,production server unverified
https://www.alchembright.com/blog/uncategorized/forgot/,post,wp:13,/blog/uncategorized/forgot/,preserve,200,public REST permalink; local build verification pending,,production server unverified
https://www.alchembright.com/blog/uncategorized/pollinosis/,post,wp:14,/blog/uncategorized/pollinosis/,preserve,200,public REST permalink; local build verification pending,,production server unverified
https://www.alchembright.com/blog/uncategorized/synth_on_ds/,post,wp:15,/blog/uncategorized/synth_on_ds/,preserve,200,public REST permalink; local build verification pending,,production server unverified
https://www.alchembright.com/blog/uncategorized/post_1/,post,wp:16,/blog/uncategorized/post_1/,preserve,200,public REST permalink; local build verification pending,,production server unverified
https://www.alchembright.com/blog/uncategorized/osx/,post,wp:18,/blog/uncategorized/osx/,preserve,200,public REST permalink; local build verification pending,,production server unverified
https://www.alchembright.com/blog/uncategorized/swag/,post,wp:19,/blog/uncategorized/swag/,preserve,200,public REST permalink; local build verification pending,,production server unverified
https://www.alchembright.com/blog/uncategorized/subversion/,post,wp:20,/blog/uncategorized/subversion/,preserve,200,public REST permalink; local build verification pending,,production server unverified
https://www.alchembright.com/blog/uncategorized/post_2/,post,wp:21,/blog/uncategorized/post_2/,preserve,200,public REST permalink; local build verification pending,,production server unverified
https://www.alchembright.com/blog/uncategorized/plan/,post,wp:22,/blog/uncategorized/plan/,preserve,200,public REST permalink; local build verification pending,,production server unverified
https://www.alchembright.com/blog/uncategorized/starting_objectivec/,post,wp:23,/blog/uncategorized/starting_objectivec/,preserve,200,public REST permalink; local build verification pending,,production server unverified
https://www.alchembright.com/blog/uncategorized/thunderbirdprofiles/,post,wp:24,/blog/uncategorized/thunderbirdprofiles/,preserve,200,public REST permalink; local build verification pending,,production server unverified
https://www.alchembright.com/blog/uncategorized/perldbi/,post,wp:25,/blog/uncategorized/perldbi/,preserve,200,public REST permalink; local build verification pending,,production server unverified
https://www.alchembright.com/blog/uncategorized/amazon_sale_080909/,post,wp:26,/blog/uncategorized/amazon_sale_080909/,preserve,200,public REST permalink; local build verification pending,,production server unverified
https://www.alchembright.com/blog/uncategorized/sekaicamera/,post,wp:27,/blog/uncategorized/sekaicamera/,preserve,200,public REST permalink; local build verification pending,,production server unverified
https://www.alchembright.com/blog/uncategorized/mysql/,post,wp:28,/blog/uncategorized/mysql/,preserve,200,public REST permalink; local build verification pending,,production server unverified
https://www.alchembright.com/blog/uncategorized/post_3/,post,wp:29,/blog/uncategorized/post_3/,preserve,200,public REST permalink; local build verification pending,,production server unverified
https://www.alchembright.com/blog/uncategorized/iphone/,post,wp:30,/blog/uncategorized/iphone/,preserve,200,public REST permalink; local build verification pending,,production server unverified
https://www.alchembright.com/blog/uncategorized/osx_1/,post,wp:31,/blog/uncategorized/osx_1/,preserve,200,public REST permalink; local build verification pending,,production server unverified
https://www.alchembright.com/blog/uncategorized/mysql_1/,post,wp:32,/blog/uncategorized/mysql_1/,preserve,200,public REST permalink; local build verification pending,,production server unverified
https://www.alchembright.com/blog/uncategorized/fostexnf4a/,post,wp:33,/blog/uncategorized/fostexnf4a/,preserve,200,public REST permalink; local build verification pending,,production server unverified
https://www.alchembright.com/blog/uncategorized/pidginsnarlim/,post,wp:34,/blog/uncategorized/pidginsnarlim/,preserve,200,public REST permalink; local build verification pending,,production server unverified
https://www.alchembright.com/blog/uncategorized/1/,post,wp:35,/blog/uncategorized/1/,preserve,200,public REST permalink; local build verification pending,,production server unverified
https://www.alchembright.com/blog/uncategorized/post_4/,post,wp:36,/blog/uncategorized/post_4/,preserve,200,public REST permalink; local build verification pending,,production server unverified
https://www.alchembright.com/blog/uncategorized/google_cnet_japan/,post,wp:37,/blog/uncategorized/google_cnet_japan/,preserve,200,public REST permalink; local build verification pending,,production server unverified
https://www.alchembright.com/blog/uncategorized/mysql_2/,post,wp:38,/blog/uncategorized/mysql_2/,preserve,200,public REST permalink; local build verification pending,,production server unverified
https://www.alchembright.com/blog/uncategorized/post_5/,post,wp:39,/blog/uncategorized/post_5/,preserve,200,public REST permalink; local build verification pending,,production server unverified
https://www.alchembright.com/blog/uncategorized/mysql_3/,post,wp:40,/blog/uncategorized/mysql_3/,preserve,200,public REST permalink; local build verification pending,,production server unverified
https://www.alchembright.com/blog/uncategorized/reboot/,post,wp:42,/blog/uncategorized/reboot/,preserve,200,public REST permalink; local build verification pending,,production server unverified
https://www.alchembright.com/blog/uncategorized/post_6/,post,wp:43,/blog/uncategorized/post_6/,preserve,200,public REST permalink; local build verification pending,,production server unverified
https://www.alchembright.com/blog/uncategorized/vim/,post,wp:44,/blog/uncategorized/vim/,preserve,200,public REST permalink; local build verification pending,,production server unverified
https://www.alchembright.com/blog/uncategorized/eyefi_share_video/,post,wp:45,/blog/uncategorized/eyefi_share_video/,preserve,200,public REST permalink; local build verification pending,,production server unverified
https://www.alchembright.com/blog/uncategorized/foafopenid/,post,wp:46,/blog/uncategorized/foafopenid/,preserve,200,public REST permalink; local build verification pending,,production server unverified
https://www.alchembright.com/blog/uncategorized/post_7/,post,wp:47,/blog/uncategorized/post_7/,preserve,200,public REST permalink; local build verification pending,,production server unverified
https://www.alchembright.com/blog/uncategorized/post_9/,post,wp:49,/blog/uncategorized/post_9/,preserve,200,public REST permalink; local build verification pending,,production server unverified
https://www.alchembright.com/blog/days/movabletype/,post,wp:50,/blog/days/movabletype/,preserve,200,public REST permalink; local build verification pending,,production server unverified
https://www.alchembright.com/blog/byeleen/post_11/,post,wp:52,/blog/byeleen/post_11/,preserve,200,public REST permalink; local build verification pending,,production server unverified
https://www.alchembright.com/blog/days/post_13/,post,wp:54,/blog/days/post_13/,preserve,200,public REST permalink; local build verification pending,,production server unverified
https://www.alchembright.com/blog/days/post_15/,post,wp:56,/blog/days/post_15/,preserve,200,public REST permalink; local build verification pending,,production server unverified
https://www.alchembright.com/blog/byeleen/post_16/,post,wp:57,/blog/byeleen/post_16/,preserve,200,public REST permalink; local build verification pending,,production server unverified
https://www.alchembright.com/blog/days/post_17/,post,wp:58,/blog/days/post_17/,preserve,200,public REST permalink; local build verification pending,,production server unverified
https://www.alchembright.com/blog/byeleen/post_18/,post,wp:59,/blog/byeleen/post_18/,preserve,200,public REST permalink; local build verification pending,,production server unverified
https://www.alchembright.com/blog/byeleen/post_19/,post,wp:60,/blog/byeleen/post_19/,preserve,200,public REST permalink; local build verification pending,,production server unverified
https://www.alchembright.com/blog/days/post_20/,post,wp:61,/blog/days/post_20/,preserve,200,public REST permalink; local build verification pending,,production server unverified
https://www.alchembright.com/blog/days/post_21/,post,wp:62,/blog/days/post_21/,preserve,200,public REST permalink; local build verification pending,,production server unverified
https://www.alchembright.com/blog/byeleen/post_22/,post,wp:63,/blog/byeleen/post_22/,preserve,200,public REST permalink; local build verification pending,,production server unverified
https://www.alchembright.com/blog/days/post_23/,post,wp:64,/blog/days/post_23/,preserve,200,public REST permalink; local build verification pending,,production server unverified
https://www.alchembright.com/blog/ynu/post_24/,post,wp:65,/blog/ynu/post_24/,preserve,200,public REST permalink; local build verification pending,,production server unverified
https://www.alchembright.com/blog/days/dead_end_run/,post,wp:66,/blog/days/dead_end_run/,preserve,200,public REST permalink; local build verification pending,,production server unverified
https://www.alchembright.com/blog/byeleen/post_25/,post,wp:67,/blog/byeleen/post_25/,preserve,200,public REST permalink; local build verification pending,,production server unverified
https://www.alchembright.com/blog/byeleen/post_26/,post,wp:68,/blog/byeleen/post_26/,preserve,200,public REST permalink; local build verification pending,,production server unverified
https://www.alchembright.com/blog/ynu/post_29/,post,wp:71,/blog/ynu/post_29/,preserve,200,public REST permalink; local build verification pending,,production server unverified
https://www.alchembright.com/blog/ynu/post_30/,post,wp:72,/blog/ynu/post_30/,preserve,200,public REST permalink; local build verification pending,,production server unverified
https://www.alchembright.com/blog/days/ipaspring2003/,post,wp:73,/blog/days/ipaspring2003/,preserve,200,public REST permalink; local build verification pending,,production server unverified
https://www.alchembright.com/blog/days/post_31/,post,wp:74,/blog/days/post_31/,preserve,200,public REST permalink; local build verification pending,,production server unverified
https://www.alchembright.com/blog/days/post_32/,post,wp:75,/blog/days/post_32/,preserve,200,public REST permalink; local build verification pending,,production server unverified
https://www.alchembright.com/blog/days/post_33/,post,wp:76,/blog/days/post_33/,preserve,200,public REST permalink; local build verification pending,,production server unverified
https://www.alchembright.com/blog/days/post_34/,post,wp:77,/blog/days/post_34/,preserve,200,public REST permalink; local build verification pending,,production server unverified
https://www.alchembright.com/blog/days/assistant/,post,wp:78,/blog/days/assistant/,preserve,200,public REST permalink; local build verification pending,,production server unverified
https://www.alchembright.com/blog/ynu/post_35/,post,wp:79,/blog/ynu/post_35/,preserve,200,public REST permalink; local build verification pending,,production server unverified
https://www.alchembright.com/blog/ynu/3mmcsblog/,post,wp:80,/blog/ynu/3mmcsblog/,preserve,200,public REST permalink; local build verification pending,,production server unverified
https://www.alchembright.com/blog/byeleen/post_36/,post,wp:81,/blog/byeleen/post_36/,preserve,200,public REST permalink; local build verification pending,,production server unverified
https://www.alchembright.com/blog/days/post_37/,post,wp:82,/blog/days/post_37/,preserve,200,public REST permalink; local build verification pending,,production server unverified
https://www.alchembright.com/blog/byeleen/post_38/,post,wp:83,/blog/byeleen/post_38/,preserve,200,public REST permalink; local build verification pending,,production server unverified
https://www.alchembright.com/blog/ynu/mmcsblogmini/,post,wp:84,/blog/ynu/mmcsblogmini/,preserve,200,public REST permalink; local build verification pending,,production server unverified
https://www.alchembright.com/blog/days/post_39/,post,wp:85,/blog/days/post_39/,preserve,200,public REST permalink; local build verification pending,,production server unverified
https://www.alchembright.com/blog/ynu/post_40/,post,wp:86,/blog/ynu/post_40/,preserve,200,public REST permalink; local build verification pending,,production server unverified
https://www.alchembright.com/blog/ynu/post_41/,post,wp:87,/blog/ynu/post_41/,preserve,200,public REST permalink; local build verification pending,,production server unverified
https://www.alchembright.com/blog/days/post_42/,post,wp:88,/blog/days/post_42/,preserve,200,public REST permalink; local build verification pending,,production server unverified
https://www.alchembright.com/blog/byeleen/post_43/,post,wp:89,/blog/byeleen/post_43/,preserve,200,public REST permalink; local build verification pending,,production server unverified
https://www.alchembright.com/blog/days/post_44/,post,wp:90,/blog/days/post_44/,preserve,200,public REST permalink; local build verification pending,,production server unverified
https://www.alchembright.com/blog/ynu/post_45/,post,wp:91,/blog/ynu/post_45/,preserve,200,public REST permalink; local build verification pending,,production server unverified
https://www.alchembright.com/blog/days/post_46/,post,wp:92,/blog/days/post_46/,preserve,200,public REST permalink; local build verification pending,,production server unverified
https://www.alchembright.com/blog/days/post_47/,post,wp:93,/blog/days/post_47/,preserve,200,public REST permalink; local build verification pending,,production server unverified
https://www.alchembright.com/blog/ynu/4/,post,wp:94,/blog/ynu/4/,preserve,200,public REST permalink; local build verification pending,,production server unverified
https://www.alchembright.com/blog/days/post_48/,post,wp:95,/blog/days/post_48/,preserve,200,public REST permalink; local build verification pending,,production server unverified
https://www.alchembright.com/blog/days/post_49/,post,wp:96,/blog/days/post_49/,preserve,200,public REST permalink; local build verification pending,,production server unverified
https://www.alchembright.com/blog/days/1imc/,post,wp:97,/blog/days/1imc/,preserve,200,public REST permalink; local build verification pending,,production server unverified
https://www.alchembright.com/blog/days/post_50/,post,wp:98,/blog/days/post_50/,preserve,200,public REST permalink; local build verification pending,,production server unverified
https://www.alchembright.com/blog/balog/log/,post,wp:99,/blog/balog/log/,preserve,200,public REST permalink; local build verification pending,,production server unverified
https://www.alchembright.com/blog/days/post_51/,post,wp:100,/blog/days/post_51/,preserve,200,public REST permalink; local build verification pending,,production server unverified
https://www.alchembright.com/blog/byeleen/post_52/,post,wp:101,/blog/byeleen/post_52/,preserve,200,public REST permalink; local build verification pending,,production server unverified
https://www.alchembright.com/blog/days/post_53/,post,wp:102,/blog/days/post_53/,preserve,200,public REST permalink; local build verification pending,,production server unverified
https://www.alchembright.com/blog/ynu/mmcs424/,post,wp:103,/blog/ynu/mmcs424/,preserve,200,public REST permalink; local build verification pending,,production server unverified
https://www.alchembright.com/blog/days/post_54/,post,wp:104,/blog/days/post_54/,preserve,200,public REST permalink; local build verification pending,,production server unverified
https://www.alchembright.com/blog/days/post_55/,post,wp:105,/blog/days/post_55/,preserve,200,public REST permalink; local build verification pending,,production server unverified
https://www.alchembright.com/blog/days/flash/,post,wp:106,/blog/days/flash/,preserve,200,public REST permalink; local build verification pending,,production server unverified
https://www.alchembright.com/blog/post_56/,post,wp:107,/blog/post_56/,preserve,200,public REST permalink; local build verification pending,,production server unverified
https://www.alchembright.com/blog/days/post_57/,post,wp:108,/blog/days/post_57/,preserve,200,public REST permalink; local build verification pending,,production server unverified
https://www.alchembright.com/blog/days/post_58/,post,wp:109,/blog/days/post_58/,preserve,200,public REST permalink; local build verification pending,,production server unverified
https://www.alchembright.com/blog/days/post_59/,post,wp:110,/blog/days/post_59/,preserve,200,public REST permalink; local build verification pending,,production server unverified
https://www.alchembright.com/blog/days/post_60/,post,wp:111,/blog/days/post_60/,preserve,200,public REST permalink; local build verification pending,,production server unverified
https://www.alchembright.com/blog/balog/post_61/,post,wp:112,/blog/balog/post_61/,preserve,200,public REST permalink; local build verification pending,,production server unverified
https://www.alchembright.com/blog/balog/1_1/,post,wp:113,/blog/balog/1_1/,preserve,200,public REST permalink; local build verification pending,,production server unverified
https://www.alchembright.com/blog/ynu/mmcs4242/,post,wp:114,/blog/ynu/mmcs4242/,preserve,200,public REST permalink; local build verification pending,,production server unverified
https://www.alchembright.com/blog/days/clie/,post,wp:115,/blog/days/clie/,preserve,200,public REST permalink; local build verification pending,,production server unverified
https://www.alchembright.com/blog/byeleen/post_62/,post,wp:116,/blog/byeleen/post_62/,preserve,200,public REST permalink; local build verification pending,,production server unverified
https://www.alchembright.com/blog/byeleen/post_63/,post,wp:117,/blog/byeleen/post_63/,preserve,200,public REST permalink; local build verification pending,,production server unverified
https://www.alchembright.com/blog/byeleen/post_64/,post,wp:118,/blog/byeleen/post_64/,preserve,200,public REST permalink; local build verification pending,,production server unverified
https://www.alchembright.com/blog/byeleen/post_65/,post,wp:119,/blog/byeleen/post_65/,preserve,200,public REST permalink; local build verification pending,,production server unverified
https://www.alchembright.com/blog/balog/post_66/,post,wp:120,/blog/balog/post_66/,preserve,200,public REST permalink; local build verification pending,,production server unverified
https://www.alchembright.com/blog/ynu/mmcs4243/,post,wp:121,/blog/ynu/mmcs4243/,preserve,200,public REST permalink; local build verification pending,,production server unverified
https://www.alchembright.com/blog/days/post_67/,post,wp:122,/blog/days/post_67/,preserve,200,public REST permalink; local build verification pending,,production server unverified
https://www.alchembright.com/blog/days/post_68/,post,wp:123,/blog/days/post_68/,preserve,200,public REST permalink; local build verification pending,,production server unverified
https://www.alchembright.com/blog/byeleen/post_69/,post,wp:124,/blog/byeleen/post_69/,preserve,200,public REST permalink; local build verification pending,,production server unverified
https://www.alchembright.com/blog/days/post_70/,post,wp:125,/blog/days/post_70/,preserve,200,public REST permalink; local build verification pending,,production server unverified
https://www.alchembright.com/blog/days/post_71/,post,wp:126,/blog/days/post_71/,preserve,200,public REST permalink; local build verification pending,,production server unverified
https://www.alchembright.com/blog/byeleen/post_72/,post,wp:127,/blog/byeleen/post_72/,preserve,200,public REST permalink; local build verification pending,,production server unverified
https://www.alchembright.com/blog/ynu/post_73/,post,wp:128,/blog/ynu/post_73/,preserve,200,public REST permalink; local build verification pending,,production server unverified
https://www.alchembright.com/blog/days/post_74/,post,wp:129,/blog/days/post_74/,preserve,200,public REST permalink; local build verification pending,,production server unverified
https://www.alchembright.com/blog/byeleen/post_75/,post,wp:130,/blog/byeleen/post_75/,preserve,200,public REST permalink; local build verification pending,,production server unverified
https://www.alchembright.com/blog/byeleen/post_76/,post,wp:131,/blog/byeleen/post_76/,preserve,200,public REST permalink; local build verification pending,,production server unverified
https://www.alchembright.com/blog/days/post_77/,post,wp:132,/blog/days/post_77/,preserve,200,public REST permalink; local build verification pending,,production server unverified
https://www.alchembright.com/blog/days/post_78/,post,wp:133,/blog/days/post_78/,preserve,200,public REST permalink; local build verification pending,,production server unverified
https://www.alchembright.com/blog/days/post_79/,post,wp:134,/blog/days/post_79/,preserve,200,public REST permalink; local build verification pending,,production server unverified
https://www.alchembright.com/blog/byeleen/post_80/,post,wp:135,/blog/byeleen/post_80/,preserve,200,public REST permalink; local build verification pending,,production server unverified
https://www.alchembright.com/blog/byeleen/post_81/,post,wp:136,/blog/byeleen/post_81/,preserve,200,public REST permalink; local build verification pending,,production server unverified
https://www.alchembright.com/blog/days/post_82/,post,wp:137,/blog/days/post_82/,preserve,200,public REST permalink; local build verification pending,,production server unverified
https://www.alchembright.com/blog/balog/post_83/,post,wp:138,/blog/balog/post_83/,preserve,200,public REST permalink; local build verification pending,,production server unverified
https://www.alchembright.com/blog/balog/post_84/,post,wp:139,/blog/balog/post_84/,preserve,200,public REST permalink; local build verification pending,,production server unverified
https://www.alchembright.com/blog/days/post_85/,post,wp:140,/blog/days/post_85/,preserve,200,public REST permalink; local build verification pending,,production server unverified
https://www.alchembright.com/blog/days/post_86/,post,wp:141,/blog/days/post_86/,preserve,200,public REST permalink; local build verification pending,,production server unverified
https://www.alchembright.com/blog/days/post_87/,post,wp:142,/blog/days/post_87/,preserve,200,public REST permalink; local build verification pending,,production server unverified
https://www.alchembright.com/blog/byeleen/post_88/,post,wp:143,/blog/byeleen/post_88/,preserve,200,public REST permalink; local build verification pending,,production server unverified
https://www.alchembright.com/blog/byeleen/post_89/,post,wp:144,/blog/byeleen/post_89/,preserve,200,public REST permalink; local build verification pending,,production server unverified
https://www.alchembright.com/blog/days/pillowstower/,post,wp:145,/blog/days/pillowstower/,preserve,200,public REST permalink; local build verification pending,,production server unverified
https://www.alchembright.com/blog/byeleen/post_90/,post,wp:146,/blog/byeleen/post_90/,preserve,200,public REST permalink; local build verification pending,,production server unverified
https://www.alchembright.com/blog/days/post_91/,post,wp:147,/blog/days/post_91/,preserve,200,public REST permalink; local build verification pending,,production server unverified
https://www.alchembright.com/blog/balog/post_92/,post,wp:148,/blog/balog/post_92/,preserve,200,public REST permalink; local build verification pending,,production server unverified
https://www.alchembright.com/blog/days/post_93/,post,wp:149,/blog/days/post_93/,preserve,200,public REST permalink; local build verification pending,,production server unverified
https://www.alchembright.com/blog/byeleen/post_94/,post,wp:150,/blog/byeleen/post_94/,preserve,200,public REST permalink; local build verification pending,,production server unverified
https://www.alchembright.com/blog/days/post_95/,post,wp:151,/blog/days/post_95/,preserve,200,public REST permalink; local build verification pending,,production server unverified
https://www.alchembright.com/blog/byeleen/post_96/,post,wp:152,/blog/byeleen/post_96/,preserve,200,public REST permalink; local build verification pending,,production server unverified
https://www.alchembright.com/blog/days/post_97/,post,wp:153,/blog/days/post_97/,preserve,200,public REST permalink; local build verification pending,,production server unverified
https://www.alchembright.com/blog/byeleen/post_98/,post,wp:154,/blog/byeleen/post_98/,preserve,200,public REST permalink; local build verification pending,,production server unverified
https://www.alchembright.com/blog/days/post_99/,post,wp:155,/blog/days/post_99/,preserve,200,public REST permalink; local build verification pending,,production server unverified
https://www.alchembright.com/blog/byeleen/post_100/,post,wp:156,/blog/byeleen/post_100/,preserve,200,public REST permalink; local build verification pending,,production server unverified
https://www.alchembright.com/blog/byeleen/post_101/,post,wp:157,/blog/byeleen/post_101/,preserve,200,public REST permalink; local build verification pending,,production server unverified
https://www.alchembright.com/blog/days/post_102/,post,wp:158,/blog/days/post_102/,preserve,200,public REST permalink; local build verification pending,,production server unverified
https://www.alchembright.com/blog/days/post_103/,post,wp:159,/blog/days/post_103/,preserve,200,public REST permalink; local build verification pending,,production server unverified
https://www.alchembright.com/blog/days/post_104/,post,wp:160,/blog/days/post_104/,preserve,200,public REST permalink; local build verification pending,,production server unverified
https://www.alchembright.com/blog/days/post_105/,post,wp:161,/blog/days/post_105/,preserve,200,public REST permalink; local build verification pending,,production server unverified
https://www.alchembright.com/blog/byeleen/post_106/,post,wp:162,/blog/byeleen/post_106/,preserve,200,public REST permalink; local build verification pending,,production server unverified
https://www.alchembright.com/blog/days/ff/,post,wp:163,/blog/days/ff/,preserve,200,public REST permalink; local build verification pending,,production server unverified
https://www.alchembright.com/blog/days/post_107/,post,wp:164,/blog/days/post_107/,preserve,200,public REST permalink; local build verification pending,,production server unverified
https://www.alchembright.com/blog/balog/post_108/,post,wp:165,/blog/balog/post_108/,preserve,200,public REST permalink; local build verification pending,,production server unverified
https://www.alchembright.com/blog/byeleen/post_109/,post,wp:166,/blog/byeleen/post_109/,preserve,200,public REST permalink; local build verification pending,,production server unverified
https://www.alchembright.com/blog/byeleen/post_110/,post,wp:167,/blog/byeleen/post_110/,preserve,200,public REST permalink; local build verification pending,,production server unverified
https://www.alchembright.com/blog/days/panasonic/,post,wp:168,/blog/days/panasonic/,preserve,200,public REST permalink; local build verification pending,,production server unverified
https://www.alchembright.com/blog/byeleen/3/,post,wp:169,/blog/byeleen/3/,preserve,200,public REST permalink; local build verification pending,,production server unverified
https://www.alchembright.com/blog/byeleen/post_111/,post,wp:170,/blog/byeleen/post_111/,preserve,200,public REST permalink; local build verification pending,,production server unverified
https://www.alchembright.com/blog/byeleen/post_112/,post,wp:171,/blog/byeleen/post_112/,preserve,200,public REST permalink; local build verification pending,,production server unverified
https://www.alchembright.com/blog/byeleen/post_113/,post,wp:172,/blog/byeleen/post_113/,preserve,200,public REST permalink; local build verification pending,,production server unverified
https://www.alchembright.com/blog/days/post_114/,post,wp:173,/blog/days/post_114/,preserve,200,public REST permalink; local build verification pending,,production server unverified
https://www.alchembright.com/blog/days/pillowsliquid_room/,post,wp:174,/blog/days/pillowsliquid_room/,preserve,200,public REST permalink; local build verification pending,,production server unverified
https://www.alchembright.com/blog/days/dvd/,post,wp:175,/blog/days/dvd/,preserve,200,public REST permalink; local build verification pending,,production server unverified
https://www.alchembright.com/blog/byeleen/post_115/,post,wp:176,/blog/byeleen/post_115/,preserve,200,public REST permalink; local build verification pending,,production server unverified
https://www.alchembright.com/blog/byeleen/post_116/,post,wp:177,/blog/byeleen/post_116/,preserve,200,public REST permalink; local build verification pending,,production server unverified
https://www.alchembright.com/blog/byeleen/post_117/,post,wp:178,/blog/byeleen/post_117/,preserve,200,public REST permalink; local build verification pending,,production server unverified
https://www.alchembright.com/blog/days/post_118/,post,wp:179,/blog/days/post_118/,preserve,200,public REST permalink; local build verification pending,,production server unverified
https://www.alchembright.com/blog/byeleen/post_119/,post,wp:180,/blog/byeleen/post_119/,preserve,200,public REST permalink; local build verification pending,,production server unverified
https://www.alchembright.com/blog/byeleen/post_120/,post,wp:181,/blog/byeleen/post_120/,preserve,200,public REST permalink; local build verification pending,,production server unverified
https://www.alchembright.com/blog/byeleen/post_121/,post,wp:182,/blog/byeleen/post_121/,preserve,200,public REST permalink; local build verification pending,,production server unverified
https://www.alchembright.com/blog/byeleen/post_122/,post,wp:183,/blog/byeleen/post_122/,preserve,200,public REST permalink; local build verification pending,,production server unverified
https://www.alchembright.com/blog/days/post_123/,post,wp:184,/blog/days/post_123/,preserve,200,public REST permalink; local build verification pending,,production server unverified
https://www.alchembright.com/blog/days/post_124/,post,wp:185,/blog/days/post_124/,preserve,200,public REST permalink; local build verification pending,,production server unverified
https://www.alchembright.com/blog/mt/,post,wp:186,/blog/mt/,preserve,200,public REST permalink; local build verification pending,,production server unverified
https://www.alchembright.com/blog/byeleen/12/,post,wp:187,/blog/byeleen/12/,preserve,200,public REST permalink; local build verification pending,,production server unverified
https://www.alchembright.com/blog/days/post_125/,post,wp:188,/blog/days/post_125/,preserve,200,public REST permalink; local build verification pending,,production server unverified
https://www.alchembright.com/blog/byeleen/post_126/,post,wp:189,/blog/byeleen/post_126/,preserve,200,public REST permalink; local build verification pending,,production server unverified
https://www.alchembright.com/blog/balog/post_127/,post,wp:190,/blog/balog/post_127/,preserve,200,public REST permalink; local build verification pending,,production server unverified
https://www.alchembright.com/blog/days/post_128/,post,wp:191,/blog/days/post_128/,preserve,200,public REST permalink; local build verification pending,,production server unverified
https://www.alchembright.com/blog/days/pillowsclub_citta/,post,wp:192,/blog/days/pillowsclub_citta/,preserve,200,public REST permalink; local build verification pending,,production server unverified
https://www.alchembright.com/blog/days/gps_from_docomo/,post,wp:193,/blog/days/gps_from_docomo/,preserve,200,public REST permalink; local build verification pending,,production server unverified
https://www.alchembright.com/blog/days/post_129/,post,wp:194,/blog/days/post_129/,preserve,200,public REST permalink; local build verification pending,,production server unverified
https://www.alchembright.com/blog/days/post_130/,post,wp:195,/blog/days/post_130/,preserve,200,public REST permalink; local build verification pending,,production server unverified
https://www.alchembright.com/blog/days/post_131/,post,wp:196,/blog/days/post_131/,preserve,200,public REST permalink; local build verification pending,,production server unverified
https://www.alchembright.com/blog/byeleen/post_132/,post,wp:197,/blog/byeleen/post_132/,preserve,200,public REST permalink; local build verification pending,,production server unverified
https://www.alchembright.com/blog/byeleen/post_133/,post,wp:198,/blog/byeleen/post_133/,preserve,200,public REST permalink; local build verification pending,,production server unverified
https://www.alchembright.com/blog/days/2004/,post,wp:199,/blog/days/2004/,preserve,200,public REST permalink; local build verification pending,,production server unverified
https://www.alchembright.com/blog/days/gps_from_docomo2/,post,wp:200,/blog/days/gps_from_docomo2/,preserve,200,public REST permalink; local build verification pending,,production server unverified
https://www.alchembright.com/blog/byeleen/post_134/,post,wp:201,/blog/byeleen/post_134/,preserve,200,public REST permalink; local build verification pending,,production server unverified
https://www.alchembright.com/blog/days/post_135/,post,wp:202,/blog/days/post_135/,preserve,200,public REST permalink; local build verification pending,,production server unverified
https://www.alchembright.com/blog/days/zone/,post,wp:203,/blog/days/zone/,preserve,200,public REST permalink; local build verification pending,,production server unverified
https://www.alchembright.com/blog/days/post_136/,post,wp:204,/blog/days/post_136/,preserve,200,public REST permalink; local build verification pending,,production server unverified
https://www.alchembright.com/blog/byeleen/post_137/,post,wp:205,/blog/byeleen/post_137/,preserve,200,public REST permalink; local build verification pending,,production server unverified
https://www.alchembright.com/blog/byeleen/post_138/,post,wp:206,/blog/byeleen/post_138/,preserve,200,public REST permalink; local build verification pending,,production server unverified
https://www.alchembright.com/blog/byeleen/post_139/,post,wp:207,/blog/byeleen/post_139/,preserve,200,public REST permalink; local build verification pending,,production server unverified
https://www.alchembright.com/blog/days/post_140/,post,wp:208,/blog/days/post_140/,preserve,200,public REST permalink; local build verification pending,,production server unverified
https://www.alchembright.com/blog/byeleen/post_141/,post,wp:209,/blog/byeleen/post_141/,preserve,200,public REST permalink; local build verification pending,,production server unverified
https://www.alchembright.com/blog/days/google/,post,wp:210,/blog/days/google/,preserve,200,public REST permalink; local build verification pending,,production server unverified
https://www.alchembright.com/blog/byeleen/post_142/,post,wp:211,/blog/byeleen/post_142/,preserve,200,public REST permalink; local build verification pending,,production server unverified
https://www.alchembright.com/blog/byeleen/post_143/,post,wp:212,/blog/byeleen/post_143/,preserve,200,public REST permalink; local build verification pending,,production server unverified
https://www.alchembright.com/blog/days/post_144/,post,wp:213,/blog/days/post_144/,preserve,200,public REST permalink; local build verification pending,,production server unverified
https://www.alchembright.com/blog/byeleen/post_145/,post,wp:214,/blog/byeleen/post_145/,preserve,200,public REST permalink; local build verification pending,,production server unverified
https://www.alchembright.com/blog/days/post_146/,post,wp:215,/blog/days/post_146/,preserve,200,public REST permalink; local build verification pending,,production server unverified
https://www.alchembright.com/blog/2blog/,post,wp:216,/blog/2blog/,preserve,200,public REST permalink; local build verification pending,,production server unverified
https://www.alchembright.com/blog/byeleen/post_147/,post,wp:217,/blog/byeleen/post_147/,preserve,200,public REST permalink; local build verification pending,,production server unverified
https://www.alchembright.com/blog/days/post_148/,post,wp:218,/blog/days/post_148/,preserve,200,public REST permalink; local build verification pending,,production server unverified
https://www.alchembright.com/blog/days/post_149/,post,wp:219,/blog/days/post_149/,preserve,200,public REST permalink; local build verification pending,,production server unverified
https://www.alchembright.com/blog/days/post_150/,post,wp:220,/blog/days/post_150/,preserve,200,public REST permalink; local build verification pending,,production server unverified
https://www.alchembright.com/blog/days/post_151/,post,wp:221,/blog/days/post_151/,preserve,200,public REST permalink; local build verification pending,,production server unverified
https://www.alchembright.com/blog/byeleen/post_152/,post,wp:222,/blog/byeleen/post_152/,preserve,200,public REST permalink; local build verification pending,,production server unverified
https://www.alchembright.com/blog/ynu/post_153/,post,wp:223,/blog/ynu/post_153/,preserve,200,public REST permalink; local build verification pending,,production server unverified
https://www.alchembright.com/blog/byeleen/post_154/,post,wp:224,/blog/byeleen/post_154/,preserve,200,public REST permalink; local build verification pending,,production server unverified
https://www.alchembright.com/blog/days/post_155/,post,wp:225,/blog/days/post_155/,preserve,200,public REST permalink; local build verification pending,,production server unverified
https://www.alchembright.com/blog/days/post_156/,post,wp:226,/blog/days/post_156/,preserve,200,public REST permalink; local build verification pending,,production server unverified
https://www.alchembright.com/blog/days/post_157/,post,wp:227,/blog/days/post_157/,preserve,200,public REST permalink; local build verification pending,,production server unverified
https://www.alchembright.com/blog/days/day/,post,wp:228,/blog/days/day/,preserve,200,public REST permalink; local build verification pending,,production server unverified
https://www.alchembright.com/blog/byeleen/post_158/,post,wp:229,/blog/byeleen/post_158/,preserve,200,public REST permalink; local build verification pending,,production server unverified
https://www.alchembright.com/blog/days/post_159/,post,wp:230,/blog/days/post_159/,preserve,200,public REST permalink; local build verification pending,,production server unverified
https://www.alchembright.com/blog/days/post_160/,post,wp:231,/blog/days/post_160/,preserve,200,public REST permalink; local build verification pending,,production server unverified
https://www.alchembright.com/blog/days/post_161/,post,wp:232,/blog/days/post_161/,preserve,200,public REST permalink; local build verification pending,,production server unverified
https://www.alchembright.com/blog/days/post_162/,post,wp:233,/blog/days/post_162/,preserve,200,public REST permalink; local build verification pending,,production server unverified
https://www.alchembright.com/blog/ynu/post_163/,post,wp:234,/blog/ynu/post_163/,preserve,200,public REST permalink; local build verification pending,,production server unverified
https://www.alchembright.com/blog/balog/perlmagick/,post,wp:236,/blog/balog/perlmagick/,preserve,200,public REST permalink; local build verification pending,,production server unverified
https://www.alchembright.com/blog/days/post_165/,post,wp:237,/blog/days/post_165/,preserve,200,public REST permalink; local build verification pending,,production server unverified
https://www.alchembright.com/blog/days/post_166/,post,wp:238,/blog/days/post_166/,preserve,200,public REST permalink; local build verification pending,,production server unverified
https://www.alchembright.com/blog/days/post_167/,post,wp:239,/blog/days/post_167/,preserve,200,public REST permalink; local build verification pending,,production server unverified
https://www.alchembright.com/blog/balog/post_168/,post,wp:240,/blog/balog/post_168/,preserve,200,public REST permalink; local build verification pending,,production server unverified
https://www.alchembright.com/blog/balog/post_169/,post,wp:241,/blog/balog/post_169/,preserve,200,public REST permalink; local build verification pending,,production server unverified
https://www.alchembright.com/blog/balog/post_170/,post,wp:242,/blog/balog/post_170/,preserve,200,public REST permalink; local build verification pending,,production server unverified
https://www.alchembright.com/blog/balog/1_2/,post,wp:243,/blog/balog/1_2/,preserve,200,public REST permalink; local build verification pending,,production server unverified
https://www.alchembright.com/blog/balog/2/,post,wp:244,/blog/balog/2/,preserve,200,public REST permalink; local build verification pending,,production server unverified
https://www.alchembright.com/blog/days/softether/,post,wp:245,/blog/days/softether/,preserve,200,public REST permalink; local build verification pending,,production server unverified
https://www.alchembright.com/blog/ynu/post_171/,post,wp:246,/blog/ynu/post_171/,preserve,200,public REST permalink; local build verification pending,,production server unverified
https://www.alchembright.com/blog/blog/,post,wp:247,/blog/blog/,preserve,200,public REST permalink; local build verification pending,,production server unverified
https://www.alchembright.com/blog/balog/post_172/,post,wp:248,/blog/balog/post_172/,preserve,200,public REST permalink; local build verification pending,,production server unverified
https://www.alchembright.com/blog/balog/2_1/,post,wp:249,/blog/balog/2_1/,preserve,200,public REST permalink; local build verification pending,,production server unverified
https://www.alchembright.com/blog/balog/post_173/,post,wp:250,/blog/balog/post_173/,preserve,200,public REST permalink; local build verification pending,,production server unverified
https://www.alchembright.com/blog/days/post_174/,post,wp:251,/blog/days/post_174/,preserve,200,public REST permalink; local build verification pending,,production server unverified
https://www.alchembright.com/blog/days/post_175/,post,wp:252,/blog/days/post_175/,preserve,200,public REST permalink; local build verification pending,,production server unverified
https://www.alchembright.com/blog/days/post_176/,post,wp:253,/blog/days/post_176/,preserve,200,public REST permalink; local build verification pending,,production server unverified
https://www.alchembright.com/blog/days/3_1/,post,wp:254,/blog/days/3_1/,preserve,200,public REST permalink; local build verification pending,,production server unverified
https://www.alchembright.com/blog/days/post_177/,post,wp:255,/blog/days/post_177/,preserve,200,public REST permalink; local build verification pending,,production server unverified
https://www.alchembright.com/blog/days/pillowsshibuyaax/,post,wp:256,/blog/days/pillowsshibuyaax/,preserve,200,public REST permalink; local build verification pending,,production server unverified
https://www.alchembright.com/blog/days/post_178/,post,wp:257,/blog/days/post_178/,preserve,200,public REST permalink; local build verification pending,,production server unverified
https://www.alchembright.com/blog/days/post_179/,post,wp:258,/blog/days/post_179/,preserve,200,public REST permalink; local build verification pending,,production server unverified
https://www.alchembright.com/blog/balog/post_180/,post,wp:259,/blog/balog/post_180/,preserve,200,public REST permalink; local build verification pending,,production server unverified
https://www.alchembright.com/blog/balog/sfc/,post,wp:260,/blog/balog/sfc/,preserve,200,public REST permalink; local build verification pending,,production server unverified
https://www.alchembright.com/blog/days/post_181/,post,wp:261,/blog/days/post_181/,preserve,200,public REST permalink; local build verification pending,,production server unverified
https://www.alchembright.com/blog/days/radio/,post,wp:262,/blog/days/radio/,preserve,200,public REST permalink; local build verification pending,,production server unverified
https://www.alchembright.com/blog/days/post_182/,post,wp:263,/blog/days/post_182/,preserve,200,public REST permalink; local build verification pending,,production server unverified
https://www.alchembright.com/blog/days/post_183/,post,wp:264,/blog/days/post_183/,preserve,200,public REST permalink; local build verification pending,,production server unverified
https://www.alchembright.com/blog/days/post_184/,post,wp:265,/blog/days/post_184/,preserve,200,public REST permalink; local build verification pending,,production server unverified
https://www.alchembright.com/blog/days/post_185/,post,wp:266,/blog/days/post_185/,preserve,200,public REST permalink; local build verification pending,,production server unverified
https://www.alchembright.com/blog/byeleen/post_186/,post,wp:267,/blog/byeleen/post_186/,preserve,200,public REST permalink; local build verification pending,,production server unverified
https://www.alchembright.com/blog/byeleen/post_187/,post,wp:268,/blog/byeleen/post_187/,preserve,200,public REST permalink; local build verification pending,,production server unverified
https://www.alchembright.com/blog/days/post_188/,post,wp:269,/blog/days/post_188/,preserve,200,public REST permalink; local build verification pending,,production server unverified
https://www.alchembright.com/blog/days/post_189/,post,wp:270,/blog/days/post_189/,preserve,200,public REST permalink; local build verification pending,,production server unverified
https://www.alchembright.com/blog/days/post_190/,post,wp:271,/blog/days/post_190/,preserve,200,public REST permalink; local build verification pending,,production server unverified
https://www.alchembright.com/blog/days/post_191/,post,wp:272,/blog/days/post_191/,preserve,200,public REST permalink; local build verification pending,,production server unverified
https://www.alchembright.com/blog/days/post_192/,post,wp:273,/blog/days/post_192/,preserve,200,public REST permalink; local build verification pending,,production server unverified
https://www.alchembright.com/blog/balog/post_193/,post,wp:274,/blog/balog/post_193/,preserve,200,public REST permalink; local build verification pending,,production server unverified
https://www.alchembright.com/blog/byeleen/post_194/,post,wp:275,/blog/byeleen/post_194/,preserve,200,public REST permalink; local build verification pending,,production server unverified
https://www.alchembright.com/blog/days/post_195/,post,wp:276,/blog/days/post_195/,preserve,200,public REST permalink; local build verification pending,,production server unverified
https://www.alchembright.com/blog/days/2_2/,post,wp:277,/blog/days/2_2/,preserve,200,public REST permalink; local build verification pending,,production server unverified
https://www.alchembright.com/blog/days/3_2/,post,wp:278,/blog/days/3_2/,preserve,200,public REST permalink; local build verification pending,,production server unverified
https://www.alchembright.com/blog/days/post_196/,post,wp:279,/blog/days/post_196/,preserve,200,public REST permalink; local build verification pending,,production server unverified
https://www.alchembright.com/blog/days/post_197/,post,wp:280,/blog/days/post_197/,preserve,200,public REST permalink; local build verification pending,,production server unverified
https://www.alchembright.com/blog/days/post_198/,post,wp:281,/blog/days/post_198/,preserve,200,public REST permalink; local build verification pending,,production server unverified
https://www.alchembright.com/blog/days/post_199/,post,wp:282,/blog/days/post_199/,preserve,200,public REST permalink; local build verification pending,,production server unverified
https://www.alchembright.com/blog/days/post_200/,post,wp:283,/blog/days/post_200/,preserve,200,public REST permalink; local build verification pending,,production server unverified
https://www.alchembright.com/blog/ynu/post_201/,post,wp:284,/blog/ynu/post_201/,preserve,200,public REST permalink; local build verification pending,,production server unverified
https://www.alchembright.com/blog/ynu/post_202/,post,wp:285,/blog/ynu/post_202/,preserve,200,public REST permalink; local build verification pending,,production server unverified
https://www.alchembright.com/blog/days/post_203/,post,wp:286,/blog/days/post_203/,preserve,200,public REST permalink; local build verification pending,,production server unverified
https://www.alchembright.com/blog/days/post_204/,post,wp:287,/blog/days/post_204/,preserve,200,public REST permalink; local build verification pending,,production server unverified
https://www.alchembright.com/blog/ynu/post_205/,post,wp:288,/blog/ynu/post_205/,preserve,200,public REST permalink; local build verification pending,,production server unverified
https://www.alchembright.com/blog/days/post_206/,post,wp:289,/blog/days/post_206/,preserve,200,public REST permalink; local build verification pending,,production server unverified
https://www.alchembright.com/blog/days/post_207/,post,wp:290,/blog/days/post_207/,preserve,200,public REST permalink; local build verification pending,,production server unverified
https://www.alchembright.com/blog/days/post_208/,post,wp:291,/blog/days/post_208/,preserve,200,public REST permalink; local build verification pending,,production server unverified
https://www.alchembright.com/blog/photo/post_209/,post,wp:292,/blog/photo/post_209/,preserve,200,public REST permalink; local build verification pending,,production server unverified
https://www.alchembright.com/blog/photo/post_210/,post,wp:293,/blog/photo/post_210/,preserve,200,public REST permalink; local build verification pending,,production server unverified
https://www.alchembright.com/blog/days/post_211/,post,wp:294,/blog/days/post_211/,preserve,200,public REST permalink; local build verification pending,,production server unverified
https://www.alchembright.com/blog/days/post_212/,post,wp:295,/blog/days/post_212/,preserve,200,public REST permalink; local build verification pending,,production server unverified
https://www.alchembright.com/blog/days/post_213/,post,wp:296,/blog/days/post_213/,preserve,200,public REST permalink; local build verification pending,,production server unverified
https://www.alchembright.com/blog/ynu/4_1/,post,wp:298,/blog/ynu/4_1/,preserve,200,public REST permalink; local build verification pending,,production server unverified
https://www.alchembright.com/blog/uncategorized/post_215/,post,wp:299,/blog/uncategorized/post_215/,preserve,200,public REST permalink; local build verification pending,,production server unverified
https://www.alchembright.com/blog/uncategorized/post_216/,post,wp:300,/blog/uncategorized/post_216/,preserve,200,public REST permalink; local build verification pending,,production server unverified
https://www.alchembright.com/blog/uncategorized/post_217/,post,wp:301,/blog/uncategorized/post_217/,preserve,200,public REST permalink; local build verification pending,,production server unverified
https://www.alchembright.com/blog/days/post_218/,post,wp:302,/blog/days/post_218/,preserve,200,public REST permalink; local build verification pending,,production server unverified
https://www.alchembright.com/blog/uncategorized/gree_night_10/,post,wp:303,/blog/uncategorized/gree_night_10/,preserve,200,public REST permalink; local build verification pending,,production server unverified
https://www.alchembright.com/blog/ynu/post_219/,post,wp:304,/blog/ynu/post_219/,preserve,200,public REST permalink; local build verification pending,,production server unverified
https://www.alchembright.com/blog/uncategorized/post_220/,post,wp:305,/blog/uncategorized/post_220/,preserve,200,public REST permalink; local build verification pending,,production server unverified
https://www.alchembright.com/blog/uncategorized/post_221/,post,wp:306,/blog/uncategorized/post_221/,preserve,200,public REST permalink; local build verification pending,,production server unverified
https://www.alchembright.com/blog/uncategorized/post_222/,post,wp:307,/blog/uncategorized/post_222/,preserve,200,public REST permalink; local build verification pending,,production server unverified
https://www.alchembright.com/blog/uncategorized/post_223/,post,wp:308,/blog/uncategorized/post_223/,preserve,200,public REST permalink; local build verification pending,,production server unverified
https://www.alchembright.com/blog/uncategorized/post_224/,post,wp:309,/blog/uncategorized/post_224/,preserve,200,public REST permalink; local build verification pending,,production server unverified
https://www.alchembright.com/blog/uncategorized/post_225/,post,wp:310,/blog/uncategorized/post_225/,preserve,200,public REST permalink; local build verification pending,,production server unverified
https://www.alchembright.com/blog/uncategorized/post_226/,post,wp:311,/blog/uncategorized/post_226/,preserve,200,public REST permalink; local build verification pending,,production server unverified
https://www.alchembright.com/blog/uncategorized/post_227/,post,wp:312,/blog/uncategorized/post_227/,preserve,200,public REST permalink; local build verification pending,,production server unverified
https://www.alchembright.com/blog/uncategorized/post_228/,post,wp:313,/blog/uncategorized/post_228/,preserve,200,public REST permalink; local build verification pending,,production server unverified
https://www.alchembright.com/blog/uncategorized/post_229/,post,wp:314,/blog/uncategorized/post_229/,preserve,200,public REST permalink; local build verification pending,,production server unverified
https://www.alchembright.com/blog/uncategorized/post_230/,post,wp:315,/blog/uncategorized/post_230/,preserve,200,public REST permalink; local build verification pending,,production server unverified
https://www.alchembright.com/blog/uncategorized/post_231/,post,wp:316,/blog/uncategorized/post_231/,preserve,200,public REST permalink; local build verification pending,,production server unverified
https://www.alchembright.com/blog/uncategorized/post_232/,post,wp:317,/blog/uncategorized/post_232/,preserve,200,public REST permalink; local build verification pending,,production server unverified
https://www.alchembright.com/blog/uncategorized/post_233/,post,wp:318,/blog/uncategorized/post_233/,preserve,200,public REST permalink; local build verification pending,,production server unverified
https://www.alchembright.com/blog/uncategorized/post_234/,post,wp:319,/blog/uncategorized/post_234/,preserve,200,public REST permalink; local build verification pending,,production server unverified
https://www.alchembright.com/blog/uncategorized/post_235/,post,wp:320,/blog/uncategorized/post_235/,preserve,200,public REST permalink; local build verification pending,,production server unverified
https://www.alchembright.com/blog/days/post_236/,post,wp:321,/blog/days/post_236/,preserve,200,public REST permalink; local build verification pending,,production server unverified
https://www.alchembright.com/blog/balog/post_237/,post,wp:322,/blog/balog/post_237/,preserve,200,public REST permalink; local build verification pending,,production server unverified
https://www.alchembright.com/blog/uncategorized/post_238/,post,wp:323,/blog/uncategorized/post_238/,preserve,200,public REST permalink; local build verification pending,,production server unverified
https://www.alchembright.com/blog/uncategorized/post_239/,post,wp:324,/blog/uncategorized/post_239/,preserve,200,public REST permalink; local build verification pending,,production server unverified
https://www.alchembright.com/blog/uncategorized/post_240/,post,wp:325,/blog/uncategorized/post_240/,preserve,200,public REST permalink; local build verification pending,,production server unverified
https://www.alchembright.com/blog/uncategorized/post_241/,post,wp:326,/blog/uncategorized/post_241/,preserve,200,public REST permalink; local build verification pending,,production server unverified
https://www.alchembright.com/blog/uncategorized/post_242/,post,wp:327,/blog/uncategorized/post_242/,preserve,200,public REST permalink; local build verification pending,,production server unverified
https://www.alchembright.com/blog/days/post_243/,post,wp:328,/blog/days/post_243/,preserve,200,public REST permalink; local build verification pending,,production server unverified
https://www.alchembright.com/blog/days/post_244/,post,wp:329,/blog/days/post_244/,preserve,200,public REST permalink; local build verification pending,,production server unverified
https://www.alchembright.com/blog/days/69/,post,wp:330,/blog/days/69/,preserve,200,public REST permalink; local build verification pending,,production server unverified
https://www.alchembright.com/blog/uncategorized/post_245/,post,wp:331,/blog/uncategorized/post_245/,preserve,200,public REST permalink; local build verification pending,,production server unverified
https://www.alchembright.com/blog/days/pillows/,post,wp:332,/blog/days/pillows/,preserve,200,public REST permalink; local build verification pending,,production server unverified
https://www.alchembright.com/blog/days/post_246/,post,wp:333,/blog/days/post_246/,preserve,200,public REST permalink; local build verification pending,,production server unverified
https://www.alchembright.com/blog/uncategorized/post_247/,post,wp:334,/blog/uncategorized/post_247/,preserve,200,public REST permalink; local build verification pending,,production server unverified
https://www.alchembright.com/blog/balog/swoweblog/,post,wp:335,/blog/balog/swoweblog/,preserve,200,public REST permalink; local build verification pending,,production server unverified
https://www.alchembright.com/blog/days/post_248/,post,wp:336,/blog/days/post_248/,preserve,200,public REST permalink; local build verification pending,,production server unverified
https://www.alchembright.com/blog/days/post_249/,post,wp:337,/blog/days/post_249/,preserve,200,public REST permalink; local build verification pending,,production server unverified
https://www.alchembright.com/blog/uncategorized/post_250/,post,wp:338,/blog/uncategorized/post_250/,preserve,200,public REST permalink; local build verification pending,,production server unverified
https://www.alchembright.com/blog/uncategorized/post_251/,post,wp:339,/blog/uncategorized/post_251/,preserve,200,public REST permalink; local build verification pending,,production server unverified
https://www.alchembright.com/blog/days/post_252/,post,wp:340,/blog/days/post_252/,preserve,200,public REST permalink; local build verification pending,,production server unverified
https://www.alchembright.com/blog/uncategorized/post_253/,post,wp:341,/blog/uncategorized/post_253/,preserve,200,public REST permalink; local build verification pending,,production server unverified
https://www.alchembright.com/blog/days/post_254/,post,wp:342,/blog/days/post_254/,preserve,200,public REST permalink; local build verification pending,,production server unverified
https://www.alchembright.com/blog/days/post_255/,post,wp:343,/blog/days/post_255/,preserve,200,public REST permalink; local build verification pending,,production server unverified
https://www.alchembright.com/blog/days/post_256/,post,wp:344,/blog/days/post_256/,preserve,200,public REST permalink; local build verification pending,,production server unverified
https://www.alchembright.com/blog/uncategorized/post_257/,post,wp:345,/blog/uncategorized/post_257/,preserve,200,public REST permalink; local build verification pending,,production server unverified
https://www.alchembright.com/blog/uncategorized/post_258/,post,wp:346,/blog/uncategorized/post_258/,preserve,200,public REST permalink; local build verification pending,,production server unverified
https://www.alchembright.com/blog/days/post_259/,post,wp:347,/blog/days/post_259/,preserve,200,public REST permalink; local build verification pending,,production server unverified
https://www.alchembright.com/blog/uncategorized/post_260/,post,wp:348,/blog/uncategorized/post_260/,preserve,200,public REST permalink; local build verification pending,,production server unverified
https://www.alchembright.com/blog/uncategorized/post_261/,post,wp:349,/blog/uncategorized/post_261/,preserve,200,public REST permalink; local build verification pending,,production server unverified
https://www.alchembright.com/blog/uncategorized/post_262/,post,wp:350,/blog/uncategorized/post_262/,preserve,200,public REST permalink; local build verification pending,,production server unverified
https://www.alchembright.com/blog/uncategorized/post_263/,post,wp:351,/blog/uncategorized/post_263/,preserve,200,public REST permalink; local build verification pending,,production server unverified
https://www.alchembright.com/blog/uncategorized/post_264/,post,wp:352,/blog/uncategorized/post_264/,preserve,200,public REST permalink; local build verification pending,,production server unverified
https://www.alchembright.com/blog/uncategorized/post_265/,post,wp:353,/blog/uncategorized/post_265/,preserve,200,public REST permalink; local build verification pending,,production server unverified
https://www.alchembright.com/blog/uncategorized/post_266/,post,wp:354,/blog/uncategorized/post_266/,preserve,200,public REST permalink; local build verification pending,,production server unverified
https://www.alchembright.com/blog/uncategorized/post_267/,post,wp:355,/blog/uncategorized/post_267/,preserve,200,public REST permalink; local build verification pending,,production server unverified
https://www.alchembright.com/blog/uncategorized/post_268/,post,wp:356,/blog/uncategorized/post_268/,preserve,200,public REST permalink; local build verification pending,,production server unverified
https://www.alchembright.com/blog/uncategorized/post_269/,post,wp:357,/blog/uncategorized/post_269/,preserve,200,public REST permalink; local build verification pending,,production server unverified
https://www.alchembright.com/blog/uncategorized/post_270/,post,wp:358,/blog/uncategorized/post_270/,preserve,200,public REST permalink; local build verification pending,,production server unverified
https://www.alchembright.com/blog/uncategorized/post_271/,post,wp:359,/blog/uncategorized/post_271/,preserve,200,public REST permalink; local build verification pending,,production server unverified
https://www.alchembright.com/blog/uncategorized/post_272/,post,wp:360,/blog/uncategorized/post_272/,preserve,200,public REST permalink; local build verification pending,,production server unverified
https://www.alchembright.com/blog/uncategorized/post_273/,post,wp:361,/blog/uncategorized/post_273/,preserve,200,public REST permalink; local build verification pending,,production server unverified
https://www.alchembright.com/blog/uncategorized/post_274/,post,wp:362,/blog/uncategorized/post_274/,preserve,200,public REST permalink; local build verification pending,,production server unverified
https://www.alchembright.com/blog/uncategorized/post_275/,post,wp:363,/blog/uncategorized/post_275/,preserve,200,public REST permalink; local build verification pending,,production server unverified
https://www.alchembright.com/blog/days/the_pillows_15th_anniversary/,post,wp:364,/blog/days/the_pillows_15th_anniversary/,preserve,200,public REST permalink; local build verification pending,,production server unverified
https://www.alchembright.com/blog/days/post_276/,post,wp:365,/blog/days/post_276/,preserve,200,public REST permalink; local build verification pending,,production server unverified
https://www.alchembright.com/blog/uncategorized/post_277/,post,wp:366,/blog/uncategorized/post_277/,preserve,200,public REST permalink; local build verification pending,,production server unverified
https://www.alchembright.com/blog/uncategorized/post_278/,post,wp:367,/blog/uncategorized/post_278/,preserve,200,public REST permalink; local build verification pending,,production server unverified
https://www.alchembright.com/blog/uncategorized/post_279/,post,wp:368,/blog/uncategorized/post_279/,preserve,200,public REST permalink; local build verification pending,,production server unverified
https://www.alchembright.com/blog/uncategorized/the_pillows_15th_anniversary_1/,post,wp:369,/blog/uncategorized/the_pillows_15th_anniversary_1/,preserve,200,public REST permalink; local build verification pending,,production server unverified
https://www.alchembright.com/blog/days/post_280/,post,wp:370,/blog/days/post_280/,preserve,200,public REST permalink; local build verification pending,,production server unverified
https://www.alchembright.com/blog/uncategorized/post_281/,post,wp:371,/blog/uncategorized/post_281/,preserve,200,public REST permalink; local build verification pending,,production server unverified
https://www.alchembright.com/blog/uncategorized/post_282/,post,wp:372,/blog/uncategorized/post_282/,preserve,200,public REST permalink; local build verification pending,,production server unverified
https://www.alchembright.com/blog/uncategorized/post_283/,post,wp:373,/blog/uncategorized/post_283/,preserve,200,public REST permalink; local build verification pending,,production server unverified
https://www.alchembright.com/blog/uncategorized/post_284/,post,wp:374,/blog/uncategorized/post_284/,preserve,200,public REST permalink; local build verification pending,,production server unverified
https://www.alchembright.com/blog/uncategorized/post_285/,post,wp:375,/blog/uncategorized/post_285/,preserve,200,public REST permalink; local build verification pending,,production server unverified
https://www.alchembright.com/blog/uncategorized/post_286/,post,wp:376,/blog/uncategorized/post_286/,preserve,200,public REST permalink; local build verification pending,,production server unverified
https://www.alchembright.com/blog/balog/mime/,post,wp:377,/blog/balog/mime/,preserve,200,public REST permalink; local build verification pending,,production server unverified
https://www.alchembright.com/blog/uncategorized/post_287/,post,wp:378,/blog/uncategorized/post_287/,preserve,200,public REST permalink; local build verification pending,,production server unverified
https://www.alchembright.com/blog/uncategorized/mime_1/,post,wp:379,/blog/uncategorized/mime_1/,preserve,200,public REST permalink; local build verification pending,,production server unverified
https://www.alchembright.com/blog/uncategorized/post_288/,post,wp:380,/blog/uncategorized/post_288/,preserve,200,public REST permalink; local build verification pending,,production server unverified
https://www.alchembright.com/blog/uncategorized/iswc2004/,post,wp:381,/blog/uncategorized/iswc2004/,preserve,200,public REST permalink; local build verification pending,,production server unverified
https://www.alchembright.com/blog/uncategorized/post_289/,post,wp:382,/blog/uncategorized/post_289/,preserve,200,public REST permalink; local build verification pending,,production server unverified
https://www.alchembright.com/blog/uncategorized/post_290/,post,wp:383,/blog/uncategorized/post_290/,preserve,200,public REST permalink; local build verification pending,,production server unverified
https://www.alchembright.com/blog/uncategorized/post_291/,post,wp:384,/blog/uncategorized/post_291/,preserve,200,public REST permalink; local build verification pending,,production server unverified
https://www.alchembright.com/blog/uncategorized/post_292/,post,wp:385,/blog/uncategorized/post_292/,preserve,200,public REST permalink; local build verification pending,,production server unverified
https://www.alchembright.com/blog/uncategorized/post_293/,post,wp:386,/blog/uncategorized/post_293/,preserve,200,public REST permalink; local build verification pending,,production server unverified
https://www.alchembright.com/blog/uncategorized/mime_2/,post,wp:387,/blog/uncategorized/mime_2/,preserve,200,public REST permalink; local build verification pending,,production server unverified
https://www.alchembright.com/blog/uncategorized/iswc2004_1/,post,wp:388,/blog/uncategorized/iswc2004_1/,preserve,200,public REST permalink; local build verification pending,,production server unverified
https://www.alchembright.com/blog/post_294/,post,wp:389,/blog/post_294/,preserve,200,public REST permalink; local build verification pending,,production server unverified
https://www.alchembright.com/blog/uncategorized/post_295/,post,wp:390,/blog/uncategorized/post_295/,preserve,200,public REST permalink; local build verification pending,,production server unverified
https://www.alchembright.com/blog/uncategorized/touch/,post,wp:391,/blog/uncategorized/touch/,preserve,200,public REST permalink; local build verification pending,,production server unverified
https://www.alchembright.com/blog/days/nana/,post,wp:392,/blog/days/nana/,preserve,200,public REST permalink; local build verification pending,,production server unverified
https://www.alchembright.com/blog/days/post_296/,post,wp:393,/blog/days/post_296/,preserve,200,public REST permalink; local build verification pending,,production server unverified
https://www.alchembright.com/blog/post_297/,post,wp:394,/blog/post_297/,preserve,200,public REST permalink; local build verification pending,,production server unverified
https://www.alchembright.com/blog/days/post_298/,post,wp:395,/blog/days/post_298/,preserve,200,public REST permalink; local build verification pending,,production server unverified
https://www.alchembright.com/blog/days/vs_fedoracore3/,post,wp:396,/blog/days/vs_fedoracore3/,preserve,200,public REST permalink; local build verification pending,,production server unverified
https://www.alchembright.com/blog/days/post_299/,post,wp:397,/blog/days/post_299/,preserve,200,public REST permalink; local build verification pending,,production server unverified
https://www.alchembright.com/blog/days/vs_fedoracore3_qmail/,post,wp:398,/blog/days/vs_fedoracore3_qmail/,preserve,200,public REST permalink; local build verification pending,,production server unverified
https://www.alchembright.com/blog/days/2004_1/,post,wp:399,/blog/days/2004_1/,preserve,200,public REST permalink; local build verification pending,,production server unverified
https://www.alchembright.com/blog/days/post_300/,post,wp:400,/blog/days/post_300/,preserve,200,public REST permalink; local build verification pending,,production server unverified
https://www.alchembright.com/blog/days/post_301/,post,wp:401,/blog/days/post_301/,preserve,200,public REST permalink; local build verification pending,,production server unverified
https://www.alchembright.com/blog/days/love_for_nana/,post,wp:402,/blog/days/love_for_nana/,preserve,200,public REST permalink; local build verification pending,,production server unverified
https://www.alchembright.com/blog/uncategorized/post_302/,post,wp:403,/blog/uncategorized/post_302/,preserve,200,public REST permalink; local build verification pending,,production server unverified
https://www.alchembright.com/blog/uncategorized/post_303/,post,wp:404,/blog/uncategorized/post_303/,preserve,200,public REST permalink; local build verification pending,,production server unverified
https://www.alchembright.com/blog/uncategorized/post_304/,post,wp:405,/blog/uncategorized/post_304/,preserve,200,public REST permalink; local build verification pending,,production server unverified
https://www.alchembright.com/blog/uncategorized/amt2005/,post,wp:406,/blog/uncategorized/amt2005/,preserve,200,public REST permalink; local build verification pending,,production server unverified
https://www.alchembright.com/blog/uncategorized/post_305/,post,wp:407,/blog/uncategorized/post_305/,preserve,200,public REST permalink; local build verification pending,,production server unverified
https://www.alchembright.com/blog/uncategorized/post_306/,post,wp:408,/blog/uncategorized/post_306/,preserve,200,public REST permalink; local build verification pending,,production server unverified
https://www.alchembright.com/blog/days/post_307/,post,wp:409,/blog/days/post_307/,preserve,200,public REST permalink; local build verification pending,,production server unverified
https://www.alchembright.com/blog/days/import/,post,wp:410,/blog/days/import/,preserve,200,public REST permalink; local build verification pending,,production server unverified
https://www.alchembright.com/blog/uncategorized/fwd_2/,post,wp:411,/blog/uncategorized/fwd_2/,preserve,200,public REST permalink; local build verification pending,,production server unverified
https://www.alchembright.com/blog/uncategorized/vim_1/,post,wp:412,/blog/uncategorized/vim_1/,preserve,200,public REST permalink; local build verification pending,,production server unverified
https://www.alchembright.com/blog/uncategorized/post_308/,post,wp:413,/blog/uncategorized/post_308/,preserve,200,public REST permalink; local build verification pending,,production server unverified
https://www.alchembright.com/blog/uncategorized/post_309/,post,wp:414,/blog/uncategorized/post_309/,preserve,200,public REST permalink; local build verification pending,,production server unverified
https://www.alchembright.com/blog/uncategorized/fwd/,post,wp:415,/blog/uncategorized/fwd/,preserve,200,public REST permalink; local build verification pending,,production server unverified
https://www.alchembright.com/blog/uncategorized/post_310/,post,wp:416,/blog/uncategorized/post_310/,preserve,200,public REST permalink; local build verification pending,,production server unverified
https://www.alchembright.com/blog/uncategorized/post_311/,post,wp:417,/blog/uncategorized/post_311/,preserve,200,public REST permalink; local build verification pending,,production server unverified
https://www.alchembright.com/blog/uncategorized/2009/,post,wp:418,/blog/uncategorized/2009/,preserve,200,public REST permalink; local build verification pending,,production server unverified
https://www.alchembright.com/blog/uncategorized/hello_2010/,post,wp:419,/blog/uncategorized/hello_2010/,preserve,200,public REST permalink; local build verification pending,,production server unverified
https://www.alchembright.com/blog/uncategorized/cassandra_installl/,post,wp:420,/blog/uncategorized/cassandra_installl/,preserve,200,public REST permalink; local build verification pending,,production server unverified
https://www.alchembright.com/blog/uncategorized/cassandra/,post,wp:421,/blog/uncategorized/cassandra/,preserve,200,public REST permalink; local build verification pending,,production server unverified
https://www.alchembright.com/blog/uncategorized/post_312/,post,wp:422,/blog/uncategorized/post_312/,preserve,200,public REST permalink; local build verification pending,,production server unverified
https://www.alchembright.com/blog/uncategorized/post_313/,post,wp:423,/blog/uncategorized/post_313/,preserve,200,public REST permalink; local build verification pending,,production server unverified
https://www.alchembright.com/blog/uncategorized/post_314/,post,wp:424,/blog/uncategorized/post_314/,preserve,200,public REST permalink; local build verification pending,,production server unverified
https://www.alchembright.com/blog/uncategorized/post_315/,post,wp:425,/blog/uncategorized/post_315/,preserve,200,public REST permalink; local build verification pending,,production server unverified
https://www.alchembright.com/blog/uncategorized/post_316/,post,wp:426,/blog/uncategorized/post_316/,preserve,200,public REST permalink; local build verification pending,,production server unverified
https://www.alchembright.com/blog/uncategorized/post_317/,post,wp:427,/blog/uncategorized/post_317/,preserve,200,public REST permalink; local build verification pending,,production server unverified
https://www.alchembright.com/blog/days/post_318/,post,wp:428,/blog/days/post_318/,preserve,200,public REST permalink; local build verification pending,,production server unverified
https://www.alchembright.com/blog/days/misdo_20100828/,post,wp:429,/blog/days/misdo_20100828/,preserve,200,public REST permalink; local build verification pending,,production server unverified
https://www.alchembright.com/blog/tech/start_mac/,post,wp:430,/blog/tech/start_mac/,preserve,200,public REST permalink; local build verification pending,,production server unverified
https://www.alchembright.com/blog/tech/warnings_on_xmlsimple/,post,wp:431,/blog/tech/warnings_on_xmlsimple/,preserve,200,public REST permalink; local build verification pending,,production server unverified
https://www.alchembright.com/blog/goodbye-2011/,post,wp:434,/blog/goodbye-2011/,preserve,200,public REST permalink; local build verification pending,,production server unverified
https://www.alchembright.com/blog/switch-to-wordpress/,post,wp:442,/blog/switch-to-wordpress/,preserve,200,public REST permalink; local build verification pending,,production server unverified
https://www.alchembright.com/blog/days/%e6%96%99%e7%90%86%e3%81%a8%e3%81%9d%e3%81%ae%e3%82%b4%e3%83%bc%e3%83%ab/,post,wp:527,/blog/days/料理とそのゴール/,preserve,200,public REST permalink; local build verification pending,,production server unverified
https://www.alchembright.com/,page,wp:461,/,preserve,200,public REST permalink; local build verification pending,,production server unverified
https://www.alchembright.com/about/,page,wp:466,/about/,preserve,200,public REST permalink; local build verification pending,,production server unverified
https://www.alchembright.com/kirokun-support/,page,wp:531,/kirokun-support/,preserve,200,public REST permalink; local build verification pending,,production server unverified
