filename,original_url,article_dates,article_urls,article_titles
photo-1082012231.14-0.jpg,http://hrk-up.net/mt/balog_images/photo-1082012231.14-0.jpg,2004-04-15,https://www.alchembright.com/blog/photo/post_209/,作業中
photo-1082120898.10-0.jpg,http://hrk-up.net/mt/balog_images/photo-1082120898.10-0.jpg,2004-04-16,https://www.alchembright.com/blog/photo/post_210/,以前から
photo-1082687439.89-0.jpg,http://hrk-up.net/mt/balog_images/photo-1082687439.89-0.jpg,2004-04-23,https://www.alchembright.com/blog/uncategorized/post_215/,出発
photo-1082692086.78-0.jpg,http://hrk-up.net/mt/balog_images/photo-1082692086.78-0.jpg,2004-04-23,https://www.alchembright.com/blog/uncategorized/post_216/,到着
photo-1082701905.07-0.jpg,http://hrk-up.net/mt/balog_images/photo-1082701905.07-0.jpg,2004-04-23,https://www.alchembright.com/blog/uncategorized/post_217/,セミナーハウス
photo-1082898937.53-0.jpg,http://hrk-up.net/mt/balog_images/photo-1082898937.53-0.jpg,2004-04-25,https://www.alchembright.com/blog/uncategorized/gree_night_10/,GREE Night 1.0
photo-1083293742.98-0.jpg,http://hrk-up.net/mt/balog_images/photo-1083293742.98-0.jpg,2004-04-30,https://www.alchembright.com/blog/uncategorized/post_220/,市大
photo-1083369872.37-0.jpg,http://hrk-up.net/mt/balog_images/photo-1083369872.37-0.jpg,2004-05-01,https://www.alchembright.com/blog/uncategorized/post_221/,到着
photo-1083484017.81-0.jpg,http://hrk-up.net/mt/balog_images/photo-1083484017.81-0.jpg,2004-05-02,https://www.alchembright.com/blog/uncategorized/post_222/,今日のナナちゃん
photo-1083485358.33-0.jpg,http://hrk-up.net/mt/balog_images/photo-1083485358.33-0.jpg,2004-05-02,https://www.alchembright.com/blog/uncategorized/post_223/,運だめし
photo-1083566567.61-0.jpg,http://hrk-up.net/mt/balog_images/photo-1083566567.61-0.jpg,2004-05-03,https://www.alchembright.com/blog/uncategorized/post_224/,万松寺
photo-1083585435.75-0.jpg,http://hrk-up.net/mt/balog_images/photo-1083585435.75-0.jpg,2004-05-03,https://www.alchembright.com/blog/uncategorized/post_225/,くいしんぼう
photo-1083660921.19-0.jpg,http://hrk-up.net/mt/balog_images/photo-1083660921.19-0.jpg,2004-05-04,https://www.alchembright.com/blog/uncategorized/post_226/,魚半
photo-1083990857.97-0.jpg,http://hrk-up.net/mt/balog_images/photo-1083990857.97-0.jpg,2004-05-08,https://www.alchembright.com/blog/uncategorized/post_227/,めずらしく
photo-1084008109.39-0.jpg,http://hrk-up.net/mt/balog_images/photo-1084008109.39-0.jpg,2004-05-08,https://www.alchembright.com/blog/uncategorized/post_228/,撮影中？
photo-1084251567.08-0.jpg,http://hrk-up.net/mt/balog_images/photo-1084251567.08-0.jpg,2004-05-11,https://www.alchembright.com/blog/uncategorized/post_229/,着いた！
photo-1084253787.64-0.jpg,http://hrk-up.net/mt/balog_images/photo-1084253787.64-0.jpg,2004-05-11,https://www.alchembright.com/blog/uncategorized/post_230/,国際会館駅
photo-1084254358.49-0.jpg,http://hrk-up.net/mt/balog_images/photo-1084254358.49-0.jpg,2004-05-11,https://www.alchembright.com/blog/uncategorized/post_231/,移動するには
photo-1084281997.25-0.jpg,http://hrk-up.net/mt/balog_images/photo-1084281997.25-0.jpg,2004-05-11,https://www.alchembright.com/blog/uncategorized/post_232/,兵庫入り
photo-1084427216.80-0.jpg,http://hrk-up.net/mt/balog_images/photo-1084427216.80-0.jpg,2004-05-13,https://www.alchembright.com/blog/uncategorized/post_233/,ケータイ展
photo-1084441530.18-0.jpg,http://hrk-up.net/mt/balog_images/photo-1084441530.18-0.jpg,2004-05-13,https://www.alchembright.com/blog/uncategorized/post_234/,私設図書館
photo-1084442245.96-0.jpg,http://hrk-up.net/mt/balog_images/photo-1084442245.96-0.jpg,2004-05-13,https://www.alchembright.com/blog/uncategorized/post_235/,京大？
photo-1084513387.89-0.jpg,http://hrk-up.net/mt/balog_images/photo-1084513387.89-0.jpg,2004-05-14,https://www.alchembright.com/blog/uncategorized/post_238/,ガケ書房
photo-1084519341.90-0.jpg,http://hrk-up.net/mt/balog_images/photo-1084519341.90-0.jpg,2004-05-14,https://www.alchembright.com/blog/uncategorized/post_239/,学問の神様
photo-1084522772.89-0.jpg,http://hrk-up.net/mt/balog_images/photo-1084522772.89-0.jpg,2004-05-14,https://www.alchembright.com/blog/uncategorized/post_240/,二条城前
photo-1084529909.26-0.jpg,http://hrk-up.net/mt/balog_images/photo-1084529909.26-0.jpg,2004-05-14,https://www.alchembright.com/blog/uncategorized/post_241/,叡山電車
photo-1084532821.42-0.jpg,http://hrk-up.net/mt/balog_images/photo-1084532821.42-0.jpg,2004-05-14,https://www.alchembright.com/blog/uncategorized/post_242/,がんこ
photo-1087028500.69-0.jpg,http://hrk-up.net/mt/balog_images/photo-1087028500.69-0.jpg,2004-06-12,https://www.alchembright.com/blog/uncategorized/post_245/,ｃａｍｉｏ
photo-1088754740.10-0.jpg,http://hrk-up.net/mt/balog_images/photo-1088754740.10-0.jpg,2004-07-02,https://www.alchembright.com/blog/uncategorized/post_247/,発表
SIG-SWO-A401-07.pdf,http://www.balog.jp/~hiro/SIG-SWO-A401-07.pdf,2004-07-02,https://www.alchembright.com/blog/balog/swoweblog/,SWO研究会(Weblog特集)で発表
photo-1089088903.83-0.jpg,http://hrk-up.net/mt/balog_images/photo-1089088903.83-0.jpg,2004-07-06,https://www.alchembright.com/blog/uncategorized/post_250/,今から
photo-1089094204.74-0.jpg,http://hrk-up.net/mt/balog_images/photo-1089094204.74-0.jpg,2004-07-06,https://www.alchembright.com/blog/uncategorized/post_251/,ミーティングにて
photo-1091239857.12-0.jpg,http://hrk-up.net/mt/balog_images/photo-1091239857.12-0.jpg,2004-07-31,https://www.alchembright.com/blog/uncategorized/post_260/,オープンキャンパス
photo-1091262593.27-0.jpg,http://hrk-up.net/mt/balog_images/photo-1091262593.27-0.jpg,2004-07-31,https://www.alchembright.com/blog/uncategorized/post_261/,マルチリンク打上げ会
photo-1091637762.20-0.jpg,http://hrk-up.net/mt/balog_images/photo-1091637762.20-0.jpg,2004-08-05,https://www.alchembright.com/blog/uncategorized/post_262/,火事？
photo-1091753201.22-0.jpg,http://hrk-up.net/mt/balog_images/photo-1091753201.22-0.jpg,2004-08-06,https://www.alchembright.com/blog/uncategorized/post_264/,名古屋到着
photo-1091754726.63-0.jpg,http://hrk-up.net/mt/balog_images/photo-1091754726.63-0.jpg,2004-08-06,https://www.alchembright.com/blog/uncategorized/post_265/,岐阜駅
photo-1091976391.99-0.jpg,http://hrk-up.net/mt/balog_images/photo-1091976391.99-0.jpg,2004-08-08,https://www.alchembright.com/blog/uncategorized/post_266/,長良川花火大会
photo-1091976396.69-1.jpg,http://hrk-up.net/mt/balog_images/photo-1091976396.69-1.jpg,2004-08-08,https://www.alchembright.com/blog/uncategorized/post_266/,長良川花火大会
photo-1091976612.85-0.jpg,http://hrk-up.net/mt/balog_images/photo-1091976612.85-0.jpg,2004-08-08,https://www.alchembright.com/blog/uncategorized/post_267/,松乃屋さん
photo-1094026113.26-0.jpg,http://hrk-up.net/mt/balog_images/photo-1094026113.26-0.jpg,2004-09-01,https://www.alchembright.com/blog/uncategorized/post_271/,未来館
photo-1094026770.43-0.jpg,http://hrk-up.net/mt/balog_images/photo-1094026770.43-0.jpg,2004-09-01,https://www.alchembright.com/blog/uncategorized/post_272/,東京国際交流館から
photo-1094027844.75-0.jpg,http://hrk-up.net/mt/balog_images/photo-1094027844.75-0.jpg,2004-09-01,https://www.alchembright.com/blog/uncategorized/post_273/,お台場冒険王！
photo-1095827599.94-0.jpg,http://hrk-up.net/mt/balog_images/photo-1095827599.94-0.jpg,2004-09-22,https://www.alchembright.com/blog/uncategorized/post_278/,横浜市大
photo-1097073449.22-0.jpg,http://hrk-up.net/mt/balog_images/photo-1097073449.22-0.jpg,2004-10-06,https://www.alchembright.com/blog/uncategorized/post_281/,シシリヤ
photo-1097392243.71-0.jpg,http://hrk-up.net/mt/balog_images/photo-1097392243.71-0.jpg,2004-10-10,https://www.alchembright.com/blog/uncategorized/post_283/,復旧してます
photo-1097401474.66-0.jpg,http://hrk-up.net/mt/balog_images/photo-1097401474.66-0.jpg,2004-10-10,https://www.alchembright.com/blog/uncategorized/post_284/,匠味
photo-1097401735.29-0.jpg,http://hrk-up.net/mt/balog_images/photo-1097401735.29-0.jpg,2004-10-10,https://www.alchembright.com/blog/uncategorized/post_285/,落書きたち
photo-1099987018.36-0.jpg,http://hrk-up.net/mt/balog_images/photo-1099987018.36-0.jpg,2004-11-09,https://www.alchembright.com/blog/uncategorized/iswc2004/,ISWC2004
photo-1100051409.73-0.jpg,http://hrk-up.net/mt/balog_images/photo-1100051409.73-0.jpg,2004-11-10,https://www.alchembright.com/blog/uncategorized/post_290/,原爆ドーム
photo-1100056292.95-0.jpg,http://hrk-up.net/mt/balog_images/photo-1100056292.95-0.jpg,2004-11-10,https://www.alchembright.com/blog/uncategorized/post_291/,広島平和記念資料館
photo-1100058559.39-0.jpg,http://hrk-up.net/mt/balog_images/photo-1100058559.39-0.jpg,2004-11-10,https://www.alchembright.com/blog/uncategorized/post_292/,広島城
photo-1100221881.53-0.jpg,http://hrk-up.net/mt/balog_images/photo-1100221881.53-0.jpg,2004-11-12,https://www.alchembright.com/blog/uncategorized/post_293/,広島駅
photo-1101612610.35-0.jpg,http://hrk-up.net/mt/balog_images/photo-1101612610.35-0.jpg,2004-11-28,https://www.alchembright.com/blog/uncategorized/post_295/,がんばれ、受験生！
photo-1101623328.58-0.jpg,http://hrk-up.net/mt/balog_images/photo-1101623328.58-0.jpg,2004-11-28,https://www.alchembright.com/blog/uncategorized/touch/,Touch!
photo-1108529308.79-0.jpg,http://hrk-up.net/mt/balog_images/photo-1108529308.79-0.jpg,2005-02-16,https://www.alchembright.com/blog/uncategorized/post_302/,打ち合わせ
photo-1109537066.13-0.jpg,http://hrk-up.net/mt/balog_images/photo-1109537066.13-0.jpg,2005-02-28,https://www.alchembright.com/blog/uncategorized/post_303/,ポスター完成！
photo-1109604868.06-0.jpg,http://hrk-up.net/mt/balog_images/photo-1109604868.06-0.jpg,2005-03-01,https://www.alchembright.com/blog/uncategorized/post_304/,苺一会
photo-1116475624.49-0.jpg,http://hrk-up.net/mt/balog_images/photo-1116475624.49-0.jpg,2005-05-19,https://www.alchembright.com/blog/uncategorized/amt2005/,AMT2005
photo-1116559174.49-0.jpg,http://hrk-up.net/mt/balog_images/photo-1116559174.49-0.jpg,2005-05-20,https://www.alchembright.com/blog/uncategorized/post_305/,うどん市場
photo-1116641316.07-0.jpg,http://hrk-up.net/mt/balog_images/photo-1116641316.07-0.jpg,2005-05-21,https://www.alchembright.com/blog/uncategorized/post_306/,さか枝
photo-1257852581.06-0.jpg,http://hrk-up.net/mt/balog_images/photo-1257852581.06-0.jpg,2009-11-10,https://www.alchembright.com/blog/uncategorized/fwd_2/,Fwd: 投稿テスト
photo-1257934602.98-0.jpg,http://hrk-up.net/mt/balog_images/photo-1257934602.98-0.jpg,2009-11-11,https://www.alchembright.com/blog/uncategorized/post_308/,改行テスト
photo-1258526750.17-0.jpg,http://hrk-up.net/mt/balog_images/photo-1258526750.17-0.jpg,2009-11-18,https://www.alchembright.com/blog/uncategorized/post_309/,画像投稿ですと
1259314761917.jpg,http://www.balog.jp/photos/thumbnail/M/20091127/1259314761917.jpg,2009-11-27,https://www.alchembright.com/blog/uncategorized/fwd/,Fwd: 画像テスト
1259314761917.jpg,http://www.balog.jp/photos/original/20091127/1259314761917.jpg,2009-11-27,https://www.alchembright.com/blog/uncategorized/fwd/,Fwd: 画像テスト
1259315978521.jpg,http://www.balog.jp/photos/thumbnail/M/20091127/1259315978521.jpg,2009-11-27,https://www.alchembright.com/blog/uncategorized/post_310/,梅林
1259315978521.jpg,http://www.balog.jp/photos/original/20091127/1259315978521.jpg,2009-11-27,https://www.alchembright.com/blog/uncategorized/post_310/,梅林
1281965336210.jpg,http://www.balog.jp/photos/thumbnail/M/20100816/1281965336210.jpg,2010-08-16,https://www.alchembright.com/blog/uncategorized/post_312/,日の出らーめん
1281965336210.jpg,http://www.balog.jp/photos/original/20100816/1281965336210.jpg,2010-08-16,https://www.alchembright.com/blog/uncategorized/post_312/,日の出らーめん
1282021763959.jpg,http://www.balog.jp/photos/thumbnail/M/20100817/1282021763959.jpg,2010-08-17,https://www.alchembright.com/blog/uncategorized/post_313/,キジ焼き丼
1282021763959.jpg,http://www.balog.jp/photos/original/20100817/1282021763959.jpg,2010-08-17,https://www.alchembright.com/blog/uncategorized/post_313/,キジ焼き丼
1282367758160.jpg,http://www.balog.jp/photos/thumbnail/M/20100821/1282367758160.jpg,2010-08-21,https://www.alchembright.com/blog/uncategorized/post_314/,らぁめん丸
1282367758160.jpg,http://www.balog.jp/photos/original/20100821/1282367758160.jpg,2010-08-21,https://www.alchembright.com/blog/uncategorized/post_314/,らぁめん丸
1282626276894.jpg,http://www.balog.jp/photos/thumbnail/M/20100824/1282626276894.jpg,2010-08-24,https://www.alchembright.com/blog/uncategorized/post_315/,三田製麺所
1282626276894.jpg,http://www.balog.jp/photos/original/20100824/1282626276894.jpg,2010-08-24,https://www.alchembright.com/blog/uncategorized/post_315/,三田製麺所
1282818777636.jpg,http://www.balog.jp/photos/thumbnail/M/20100826/1282818777636.jpg,2010-08-26,https://www.alchembright.com/blog/uncategorized/post_317/,饂飩四国 田町店
1282818777636.jpg,http://www.balog.jp/photos/original/20100826/1282818777636.jpg,2010-08-26,https://www.alchembright.com/blog/uncategorized/post_317/,饂飩四国 田町店
1282977346972.jpg,http://www.balog.jp/photos/original/20100828/1282977346972.jpg,2010-08-28,https://www.alchembright.com/blog/days/misdo_20100828/,ミスド
Cooking.drawio.svg,https://dev.balog.jp/Cooking.drawio.svg,2025-04-18,https://www.alchembright.com/blog/days/%e6%96%99%e7%90%86%e3%81%a8%e3%81%9d%e3%81%ae%e3%82%b4%e3%83%bc%e3%83%ab/,料理とそのゴール
